Help Home -> https://help.autodesk.com/view/fusion360.
 -> https://help.autodesk.com/view/fusion360.
New to Fusion -> https://help.autodesk.com/view/fusion360?guid=GUID-1C665B4D-7BF7-4FDF-98B0-AA7EE12B5AC2
Your Autodesk account and Fusion -> https://help.autodesk.com/view/fusion360?guid=GS-YOUR-AUTODESK-ACCOUNT
Start Fusion and the Fusion web client -> https://help.autodesk.com/view/fusion360?guid=GS-START-FUSION-AND-WEB-CLIENT
The Fusion interface -> https://help.autodesk.com/view/fusion360?guid=GS-THE-FUSION-INTERFACE
Workspaces -> https://help.autodesk.com/view/fusion360?guid=GS-WORKSPACES
Projects and hubs -> https://help.autodesk.com/view/fusion360?guid=GS-HUBS-AND-PROJECTS
Perform basic tasks -> https://help.autodesk.com/view/fusion360?guid=GS-BASIC-OPERATIONS
Walkthrough: Create a design -> https://help.autodesk.com/view/fusion360?guid=GS-WALKTHROUGH-DESIGN
Online resources -> https://help.autodesk.com/view/fusion360?guid=GS-ONLINE-RESOURCES
Subscriptions, extensions, and tokens -> https://help.autodesk.com/view/fusion360?guid=GS-SUBSCRIPTIONS-EXTENSIONS-TOKENS
Try preview features -> https://help.autodesk.com/view/fusion360?guid=GS-TRY-PREVIEW-FEATURES
Get started for administrators -> https://help.autodesk.com/view/fusion360?guid=GS-GET-STARTED-ADMIN
Reference -> https://help.autodesk.com/view/fusion360?guid=GS-REFERENCE
Welcome to the Fusion API -> https://help.autodesk.com/view/fusion360?guid=GUID-A92A4B10-3781-4925-94C6-47DA85A4F65A
What's New in the Fusion API -> https://help.autodesk.com/view/fusion360?guid=GUID-36B1FFB5-5291-4532-8F11-90E912769B34
Fusion API User's Manual -> https://help.autodesk.com/view/fusion360?guid=GUID-C1545D80-D804-4CF3-886D-9B5C54B2D7A2
Fusion API Reference Manual -> https://help.autodesk.com/view/fusion360?guid=GUID-7B5A90C8-E94C-48DA-B16B-430729B734DC
AccessibilityAnalyses -> https://help.autodesk.com/view/fusion360?guid=GUID-A61F2849-DF11-44BE-A660-030ED0CA1612
AccessibilityAnalysis -> https://help.autodesk.com/view/fusion360?guid=GUID-D73B4058-24A8-47FA-9265-FC15E49D917A
ActiveSelectionEvent -> https://help.autodesk.com/view/fusion360?guid=GUID-9F46B5C6-41F4-429E-91A0-3161A5887E7F
ActiveSelectionEventArgs -> https://help.autodesk.com/view/fusion360?guid=GUID-AA2530AD-5E23-4242-9338-AAAB44D7DCAC
ActiveSelectionEventHandler -> https://help.autodesk.com/view/fusion360?guid=GUID-FB27843B-A814-4A0B-A807-AE7244F61674
AdditiveFFFLimitsMachineElement -> https://help.autodesk.com/view/fusion360?guid=GUID-E4FEA7F1-74DD-4C45-9893-EC3B48F27829
AdditivePlatformMachineElement -> https://help.autodesk.com/view/fusion360?guid=GUID-241808AE-287B-4E34-BE25-D9A5946E6A80
AdditiveSetupUtility -> https://help.autodesk.com/view/fusion360?guid=GUID-B621EBE7-8D41-48FD-8FA7-45B968060C50
AllExtentDefinition -> https://help.autodesk.com/view/fusion360?guid=GUID-ed5c0b6a-014b-4369-9627-6a4b5c828b5a
AlongEdgeRipFeatureDefinition -> https://help.autodesk.com/view/fusion360?guid=GUID-4CD59C2A-9EF6-4733-B639-AC35B5132B4B
AlongPathTextDefinition -> https://help.autodesk.com/view/fusion360?guid=GUID-FA6F1529-FBF5-49E6-84E5-51BD32AC1C43
Analyses -> https://help.autodesk.com/view/fusion360?guid=GUID-08F0F2E7-7B2A-42C9-95A5-48F77BF108D0
Analysis -> https://help.autodesk.com/view/fusion360?guid=GUID-7AD7E0E0-4C06-43A3-B06B-4B07463F5E57
AngleExtentDefinition -> https://help.autodesk.com/view/fusion360?guid=GUID-fb59e3fc-efc8-4c98-ab27-8beb31df5a07
AngleValueCommandInput -> https://help.autodesk.com/view/fusion360?guid=GUID-E6F923D7-D6B0-4C15-A4AC-6B11C7712E0E
APIPreferences -> https://help.autodesk.com/view/fusion360?guid=GUID-41B44A38-8D74-4C90-8270-83780F036EBE
Appearance -> https://help.autodesk.com/view/fusion360?guid=GUID-767b46aa-cf3e-4ba5-8e52-878ba1e1cba8
Appearances -> https://help.autodesk.com/view/fusion360?guid=GUID-f5c0cd4a-a600-4de6-bf5c-884b8f034041
AppearanceTexture -> https://help.autodesk.com/view/fusion360?guid=GUID-c35aa85b-fd98-4bb3-b1a5-9a8afb99ff0e
AppearanceTextureProperty -> https://help.autodesk.com/view/fusion360?guid=GUID-d3b08cba-1bc0-4408-ae6d-fb38c629a273
Application -> https://help.autodesk.com/view/fusion360?guid=GUID-7209c4c7-bc58-4388-9e20-036410459094
ApplicationCommandEvent -> https://help.autodesk.com/view/fusion360?guid=GUID-C2176915-33EE-4499-878F-3B064D99868B
ApplicationCommandEventArgs -> https://help.autodesk.com/view/fusion360?guid=GUID-23675D6D-6500-4B1D-BEBE-6769F309BA1A
ApplicationCommandEventHandler -> https://help.autodesk.com/view/fusion360?guid=GUID-51CF5F53-69AD-4307-9E59-4057D3EBF468
ApplicationEvent -> https://help.autodesk.com/view/fusion360?guid=GUID-3D8C5138-E0AD-4A7B-B279-302D7A7C729F
ApplicationEventArgs -> https://help.autodesk.com/view/fusion360?guid=GUID-41AC0137-124E-4C93-B2E0-997F38FD6AD6
ApplicationEventHandler -> https://help.autodesk.com/view/fusion360?guid=GUID-40321BBC-B6C8-4A6B-8549-D5411297BC78
ApplicationFolders -> https://help.autodesk.com/view/fusion360?guid=GUID-E5A64222-2F77-4F20-8805-D85A26BC6B5D
Arc2D -> https://help.autodesk.com/view/fusion360?guid=GUID-035b0c92-bdf1-4b35-bed5-1228c1ad41ce
Arc3D -> https://help.autodesk.com/view/fusion360?guid=GUID-43846581-56f8-437d-8fb8-46c7183d2cbe
AreaProperties -> https://help.autodesk.com/view/fusion360?guid=GUID-28947558-3DF6-4ABB-BA04-9417CF622817
Arrange2DDefinition 🧪 -> https://help.autodesk.com/view/fusion360?guid=GUID-DDD2BD28-6791-42F9-A421-7717890A0F05
Arrange2DEnvelopeInput 🧪 -> https://help.autodesk.com/view/fusion360?guid=GUID-432B64FC-18EA-4152-854B-3D19C08569D4
Arrange2DPlaneEnvelopeInput 🧪 -> https://help.autodesk.com/view/fusion360?guid=GUID-3287570E-A5A1-440D-8F4A-E210965BCC08
Arrange2DProfileOrFaceEnvelopeInput 🧪 -> https://help.autodesk.com/view/fusion360?guid=GUID-C737637B-99C0-4386-A3F1-80CC4EA357F1
Arrange3DDefinition 🧪 -> https://help.autodesk.com/view/fusion360?guid=GUID-95E674D7-CA5F-48E8-9C29-7DBE6369142C
Arrange3DEnvelopeDefinition 🧪 -> https://help.autodesk.com/view/fusion360?guid=GUID-55516258-A67A-4C5E-8A93-517D241B0E3E
Arrange3DEnvelopeInput 🧪 -> https://help.autodesk.com/view/fusion360?guid=GUID-85CBEFFD-415F-40C7-B612-423440733A88
Arrange3DResultEnvelope 🧪 -> https://help.autodesk.com/view/fusion360?guid=GUID-AF27E016-7FB1-4825-8A10-FA795A8ACFDD
ArrangeComponent 🧪 -> https://help.autodesk.com/view/fusion360?guid=GUID-BDBE09F1-0D9F-485F-BE76-3097361F835A
ArrangeComponents 🧪 -> https://help.autodesk.com/view/fusion360?guid=GUID-A180D7CA-B959-4D3E-A0B8-C536587A0A33
ArrangeDefinition 🧪 -> https://help.autodesk.com/view/fusion360?guid=GUID-BC5AD1B9-1309-4A12-935C-991292E137E4
ArrangeDefinition2DInput 🧪 -> https://help.autodesk.com/view/fusion360?guid=GUID-033C6EF2-81B9-408A-B93E-DCEFC40F0CD5
ArrangeDefinition3DInput 🧪 -> https://help.autodesk.com/view/fusion360?guid=GUID-5D67C572-D918-493B-A4E0-BEF4A668CA9B
ArrangeDefinitionInput 🧪 -> https://help.autodesk.com/view/fusion360?guid=GUID-CF14CB21-55DE-4843-BDBF-0FEF5231A319
ArrangeEnvelopeDefinition 🧪 -> https://help.autodesk.com/view/fusion360?guid=GUID-5FC7CBD7-2116-48A2-9971-97CBD5B12EBF
ArrangeEnvelopeInput 🧪 -> https://help.autodesk.com/view/fusion360?guid=GUID-D29EA048-FAA7-47AC-BFD1-F54598FEBA92
ArrangeFeature 🧪 -> https://help.autodesk.com/view/fusion360?guid=GUID-93D81E19-20B0-448C-BBAB-F8EDB09FF360
ArrangeFeatureInput 🧪 -> https://help.autodesk.com/view/fusion360?guid=GUID-DCC4F962-0811-4F73-808B-2FD4ADF7CC72
ArrangeFeatures 🧪 -> https://help.autodesk.com/view/fusion360?guid=GUID-E918EC32-73C2-464E-853E-B098021B4FF1
ArrangeOccurrenceResult 🧪 -> https://help.autodesk.com/view/fusion360?guid=GUID-DEFA3554-434F-492D-9FC9-66B8E6726870
ArrangeOccurrenceResults 🧪 -> https://help.autodesk.com/view/fusion360?guid=GUID-58FC2725-FDC2-4933-A874-C16B967B6BC8
ArrangePlaneEnvelopeDefinition 🧪 -> https://help.autodesk.com/view/fusion360?guid=GUID-A041779D-AAE2-45DF-B2CA-5DC9D32A2831
ArrangePlaneResultEnvelope 🧪 -> https://help.autodesk.com/view/fusion360?guid=GUID-D8E78574-72B9-4C0E-875A-85B3E7871E5B
ArrangeProfileOrFaceEnvelopeDefinition 🧪 -> https://help.autodesk.com/view/fusion360?guid=GUID-9D9B8010-69B7-4057-A465-6B978C479D70
ArrangeProfileOrFaceResultEnvelope 🧪 -> https://help.autodesk.com/view/fusion360?guid=GUID-D595BB30-B7C3-4360-9339-0139F4792514
ArrangeResultEnvelope 🧪 -> https://help.autodesk.com/view/fusion360?guid=GUID-8AD5522E-0897-4111-9104-B8191E46EF47
ArrangeResultEnvelopes 🧪 -> https://help.autodesk.com/view/fusion360?guid=GUID-D6497197-DA60-45B3-A526-24CCFC17C0E5
ArrangeSelection -> https://help.autodesk.com/view/fusion360?guid=GUID-8FF2ED24-6078-4BD2-973B-98F91F29348F
ArrangeSelections -> https://help.autodesk.com/view/fusion360?guid=GUID-4E963EA7-2DE5-4BC9-9AFE-282DA81F9286
AsBuiltJoint -> https://help.autodesk.com/view/fusion360?guid=GUID-FA533597-D305-4F38-A4AE-84B5A69A770D
AsBuiltJointInput -> https://help.autodesk.com/view/fusion360?guid=GUID-986DD0CF-C059-4703-98EA-56F1F260D681
AsBuiltJointList -> https://help.autodesk.com/view/fusion360?guid=GUID-83A48BD6-6E82-4E24-A0D2-6FFC51DC531E
AsBuiltJoints -> https://help.autodesk.com/view/fusion360?guid=GUID-46C1D71B-92E1-4C44-9B90-18224A0C7D7B
AssemblyConstraint 🧪 -> https://help.autodesk.com/view/fusion360?guid=GUID-816BC5BD-DD07-4EA9-BC83-21A0F9417AC1
AssemblyConstraintInput 🧪 -> https://help.autodesk.com/view/fusion360?guid=GUID-6020A7BB-1B07-46A9-A447-4B82AE3652FD
AssemblyConstraints 🧪 -> https://help.autodesk.com/view/fusion360?guid=GUID-CBDF664B-8EDC-4367-B0AC-CD8D85B38AFE
AtCenterHolePositionDefinition -> https://help.autodesk.com/view/fusion360?guid=GUID-4cd614d2-e421-480b-b145-2530e5281abd
Attribute -> https://help.autodesk.com/view/fusion360?guid=GUID-D18DD4CD-91BA-4432-81ED-E444C8CC426B
Attributes -> https://help.autodesk.com/view/fusion360?guid=GUID-84864338-D55F-47DF-95C8-53C5B8813DA7
BallJointMotion -> https://help.autodesk.com/view/fusion360?guid=GUID-caf17992-cd48-465d-833c-29928a3da5c3
Base -> https://help.autodesk.com/view/fusion360?guid=GUID-a908c453-52e5-4f04-a0e6-c8bc32b382c1
BaseComponent -> https://help.autodesk.com/view/fusion360?guid=GUID-22a8098f-0ae8-4653-8c5b-d25b9c19e83c
BaseFeature -> https://help.autodesk.com/view/fusion360?guid=GUID-73BE9780-D085-42BB-85BD-92375C2DC8E3
BaseFeatures -> https://help.autodesk.com/view/fusion360?guid=GUID-55BC666D-9040-4996-9A59-070E9E3B358F
BeamNetwork 🧪 -> https://help.autodesk.com/view/fusion360?guid=GUID-9276364C-C52C-465E-AD88-56E82387BBC4
BetweenPointsRipFeatureDefinition -> https://help.autodesk.com/view/fusion360?guid=GUID-FA72C16B-DAF7-4D92-B6A4-29144519B172
BooleanGraphNodeProperty 🧪 -> https://help.autodesk.com/view/fusion360?guid=GUID-6C627277-93A8-4A88-9EF4-83F0D810BD9B
BooleanParameterValue -> https://help.autodesk.com/view/fusion360?guid=GUID-1766DA49-BA66-41B4-92DD-B0094714D4A7
BooleanProperty -> https://help.autodesk.com/view/fusion360?guid=GUID-cf79ea69-c9b4-43c9-b683-dc134c33b5bd
BoolValueCommandInput -> https://help.autodesk.com/view/fusion360?guid=GUID-7b661940-396f-46be-b38b-58d7507d7de3
BossFeature -> https://help.autodesk.com/view/fusion360?guid=GUID-DA82B3C4-FE59-4873-BA86-FF75A3F59A0B
BossFeatureInput -> https://help.autodesk.com/view/fusion360?guid=GUID-DFF0A76C-0401-45E6-B703-54F768C7D73E
BossFeatures -> https://help.autodesk.com/view/fusion360?guid=GUID-F3EC0F39-0246-4DCF-8013-369A26A07F1C
BossFeatureSideInput -> https://help.autodesk.com/view/fusion360?guid=GUID-5D3CF08B-DEA2-4508-8783-B60607903DF1
BossPositionDefinition -> https://help.autodesk.com/view/fusion360?guid=GUID-1F6D0E70-D4E9-42C6-8004-F7DF1659791B
BoundaryFillFeature -> https://help.autodesk.com/view/fusion360?guid=GUID-f6f8bb80-c82b-4e6f-aaca-88ee7446106c
BoundaryFillFeatureInput -> https://help.autodesk.com/view/fusion360?guid=GUID-c7e21e4b-1232-4b97-804f-6d5b63de768c
BoundaryFillFeatures -> https://help.autodesk.com/view/fusion360?guid=GUID-7b40e78c-d2a3-4dad-ab13-1c2afcd27166
BoundingBox2D -> https://help.autodesk.com/view/fusion360?guid=GUID-3039a1c9-6dd4-447c-ba75-7085d047cda3
BoundingBox3D -> https://help.autodesk.com/view/fusion360?guid=GUID-9ce5053e-72b6-4a47-8172-e4223fb4caff
BoxFeature -> https://help.autodesk.com/view/fusion360?guid=GUID-40298A76-F794-4A40-AB48-2B8D2204B17E
BoxFeatures -> https://help.autodesk.com/view/fusion360?guid=GUID-4FAD20B1-828F-49AC-9DDA-C2E1AAC38D21
BRepBodies -> https://help.autodesk.com/view/fusion360?guid=GUID-a763ee95-ae76-4c68-9f5b-e36c931a75da
BRepBody -> https://help.autodesk.com/view/fusion360?guid=GUID-9910880d-2299-4947-917a-39b5f030eef4
BRepBodyDefinition -> https://help.autodesk.com/view/fusion360?guid=GUID-5FB440FE-A44D-4204-B37C-06CC2767D727
BRepCell -> https://help.autodesk.com/view/fusion360?guid=GUID-8b3b7a9f-1fb4-4f3f-b371-24cbd6bda854
BRepCells -> https://help.autodesk.com/view/fusion360?guid=GUID-5c782e61-8630-4f77-8c01-f73b94d51ea7
BRepCoEdge -> https://help.autodesk.com/view/fusion360?guid=GUID-ac698705-693a-4623-a91a-cc1706cf118f
BRepCoEdgeDefinition -> https://help.autodesk.com/view/fusion360?guid=GUID-BCB498B1-7695-4786-BB8D-7D7AC8F58D09
BRepCoEdgeDefinitions -> https://help.autodesk.com/view/fusion360?guid=GUID-6F916EEA-D361-4160-8D1C-CCDD362367F1
BRepCoEdges -> https://help.autodesk.com/view/fusion360?guid=GUID-fdee22b0-17ec-4560-92e1-1758b46c31ef
BRepEdge -> https://help.autodesk.com/view/fusion360?guid=GUID-f6ab0f2f-b27e-473a-9b91-cf6b9c99e218
BRepEdgeDefinition -> https://help.autodesk.com/view/fusion360?guid=GUID-5C6B2346-1873-43E4-9294-7AF5BBA2BEDD
BRepEdges -> https://help.autodesk.com/view/fusion360?guid=GUID-2dc82ea9-d893-4e1c-ab15-8f89b448e680
BRepFace -> https://help.autodesk.com/view/fusion360?guid=GUID-1d41bd0a-3810-45e5-b4ce-4003123685d8
BRepFaceDefinition -> https://help.autodesk.com/view/fusion360?guid=GUID-68BD7FE1-F14E-4436-97C4-52652125527F
BRepFaceDefinitions -> https://help.autodesk.com/view/fusion360?guid=GUID-6E26CD17-0D3E-4FB5-8639-DC7DA665DAC7
BRepFaces -> https://help.autodesk.com/view/fusion360?guid=GUID-5f0e3ae5-2ba6-4d2b-a3fe-93d2fb3f23af
BRepLoop -> https://help.autodesk.com/view/fusion360?guid=GUID-ea2a4833-5197-46d9-bced-586064fce0ce
BRepLoopDefinition -> https://help.autodesk.com/view/fusion360?guid=GUID-6A2C546F-0943-4EFF-B669-0558867BAF56
BRepLoopDefinitions -> https://help.autodesk.com/view/fusion360?guid=GUID-84468EDC-9353-4C0C-9995-035E9007E0B5
BRepLoops -> https://help.autodesk.com/view/fusion360?guid=GUID-65639935-24f6-40c8-a0a0-004b2e9e9e6e
BRepLump -> https://help.autodesk.com/view/fusion360?guid=GUID-a02c60d5-daf2-4327-a2fe-6e1b767e8c7a
BRepLumpDefinition -> https://help.autodesk.com/view/fusion360?guid=GUID-1A927995-0EFF-4E38-8AF8-ECA5C7ECC721
BRepLumpDefinitions -> https://help.autodesk.com/view/fusion360?guid=GUID-AE5B3214-9B8E-4392-9FE7-36E31986D0E7
BRepLumps -> https://help.autodesk.com/view/fusion360?guid=GUID-89bb6406-889b-4e1e-a97b-5cedcabab1f4
BRepShell -> https://help.autodesk.com/view/fusion360?guid=GUID-73520d81-55f1-4bb1-b0b2-babd0154376b
BRepShellDefinition -> https://help.autodesk.com/view/fusion360?guid=GUID-BFC55B68-8AC6-4AA7-AA6D-D0D7C8E9B1ED
BRepShellDefinitions -> https://help.autodesk.com/view/fusion360?guid=GUID-EF5B2DA0-F45F-479F-91B1-AD54630270F1
BRepShells -> https://help.autodesk.com/view/fusion360?guid=GUID-ee331bc7-6f38-4a2d-b443-9970a958853b
BRepVertex -> https://help.autodesk.com/view/fusion360?guid=GUID-fd4574b4-c304-4d7b-a5f4-a6286bd223fd
BRepVertexDefinition -> https://help.autodesk.com/view/fusion360?guid=GUID-3F5085B9-0F91-47E7-B852-914A6A9B2E79
BRepVertices -> https://help.autodesk.com/view/fusion360?guid=GUID-f572b822-df9e-48e9-920d-1335c653e300
BRepWire -> https://help.autodesk.com/view/fusion360?guid=GUID-50B8C666-BB8D-417A-801C-8441E628C52C
BRepWireDefinition -> https://help.autodesk.com/view/fusion360?guid=GUID-B3075D74-BFD9-4797-ACB0-908282D1BE93
BRepWireEdgeDefinition -> https://help.autodesk.com/view/fusion360?guid=GUID-FBA58EC3-15F4-4335-B443-4B45E27B24E0
BRepWireEdgeDefinitions -> https://help.autodesk.com/view/fusion360?guid=GUID-7DB7BCB2-B967-467E-8E90-C3E0BE38BAC1
BRepWires -> https://help.autodesk.com/view/fusion360?guid=GUID-78E314C5-9EDD-4C23-8021-5EE91B03A7D1
BrowserCommandInput -> https://help.autodesk.com/view/fusion360?guid=GUID-70140D54-8784-4947-A446-DCC85F72A12E
ButtonControlDefinition -> https://help.autodesk.com/view/fusion360?guid=GUID-ff5016c5-0a01-4895-8875-2df3f82cb3dd
ButtonRowCommandInput -> https://help.autodesk.com/view/fusion360?guid=GUID-77b20022-aeba-4e1e-bf98-564a0fb67585
C3MFExportOptions -> https://help.autodesk.com/view/fusion360?guid=GUID-3A5EAF91-DE80-4900-A730-03CE5C3C15E1
CadContours2dParameterValue -> https://help.autodesk.com/view/fusion360?guid=GUID-CAF31527-83C3-4D2B-8344-1F3B168C7EE0
CadMachineAvoidGroupsParameterValue -> https://help.autodesk.com/view/fusion360?guid=GUID-D26CF146-ED93-4F42-883E-08977BBA108C
CadObjectParameterValue -> https://help.autodesk.com/view/fusion360?guid=GUID-EFA67845-7FDA-4AD3-B24C-45509E206D22
CAM -> https://help.autodesk.com/view/fusion360?guid=GUID-CACDFC5C-5339-4A9A-A9C3-3F645AC3A3D0
CAM3MFExportMetadataOptions -> https://help.autodesk.com/view/fusion360?guid=GUID-8AD7C640-48BB-4AA6-97E7-E584A502F803
CAM3MFExportOptions -> https://help.autodesk.com/view/fusion360?guid=GUID-D5ED8674-A8C0-4480-96A4-64D0D2EA6AE3
CAMAdditiveBuildExportFilter -> https://help.autodesk.com/view/fusion360?guid=GUID-0E30F90C-CCE6-46F8-A32F-14AFEC9919D9
CAMAdditiveBuildExportOptions -> https://help.autodesk.com/view/fusion360?guid=GUID-738DDCC0-7E7C-4B5B-9425-A46E1A90D255
CAMAdditiveContainer -> https://help.autodesk.com/view/fusion360?guid=GUID-8ACA2E01-3532-4D90-B7BB-EE2ECEDF6FE2
CAMArrangeParameterValue -> https://help.autodesk.com/view/fusion360?guid=GUID-8D9F6F67-D10E-41C3-96E8-F8EE118291A7
Camera -> https://help.autodesk.com/view/fusion360?guid=GUID-2358aa1b-6965-4e46-b6af-d38e6e2f0f68
CameraEvent -> https://help.autodesk.com/view/fusion360?guid=GUID-9BD83470-F10F-454F-93EF-63A7FE350936
CameraEventArgs -> https://help.autodesk.com/view/fusion360?guid=GUID-B1573688-E92D-44B9-AA04-3A3547FC6733
CameraEventHandler -> https://help.autodesk.com/view/fusion360?guid=GUID-BC7F77A8-F90E-49CF-AF82-A2EB607009D3
CAMExportFuture -> https://help.autodesk.com/view/fusion360?guid=GUID-20462DC6-B0C1-49A4-A24B-F4E4572D903A
CAMExportManager -> https://help.autodesk.com/view/fusion360?guid=GUID-836359BD-863A-4DC6-85AA-8C83A4C2C207
CAMExportOptions -> https://help.autodesk.com/view/fusion360?guid=GUID-A8740BA4-EC18-4458-A38A-3CC5FA25FFC3
CAMFolder -> https://help.autodesk.com/view/fusion360?guid=GUID-F6025E34-E786-42D1-8012-744F5FB21224
CAMFolders -> https://help.autodesk.com/view/fusion360?guid=GUID-578EC15B-DE15-43E9-B5BC-3F785621C8AF
CAMHoleRecognition -> https://help.autodesk.com/view/fusion360?guid=GUID-C43F30E7-ABA1-4D4A-B20C-CDC90D0A96C2
CAMLibrary -> https://help.autodesk.com/view/fusion360?guid=GUID-29C77995-3BE8-4C28-8683-AA7AE7E37480
CAMLibraryManager -> https://help.autodesk.com/view/fusion360?guid=GUID-2FDDDEDE-7A72-46F9-88A3-0F0D04B10881
CAMManager -> https://help.autodesk.com/view/fusion360?guid=GUID-F48311BB-9EC8-4321-BFD5-E1641B13C998
CAMParameter -> https://help.autodesk.com/view/fusion360?guid=GUID-3640850F-AEE2-42F8-BAB1-BEAAEB583706
CAMParameters -> https://help.autodesk.com/view/fusion360?guid=GUID-F4CA191E-E688-44A5-90DE-01D38219ED18
CAMPattern -> https://help.autodesk.com/view/fusion360?guid=GUID-82604626-8A39-442F-904A-8AA400FED30D
CAMPatterns -> https://help.autodesk.com/view/fusion360?guid=GUID-64672561-275F-432A-B9B1-4164A3DF8B2A
CAMTemplate -> https://help.autodesk.com/view/fusion360?guid=GUID-50C29F54-B2C5-444F-BEF3-2F1A64707383
CAMTemplateLibrary -> https://help.autodesk.com/view/fusion360?guid=GUID-E9E74D78-A12D-4DDD-8BC3-1091B24A4314
Canvas -> https://help.autodesk.com/view/fusion360?guid=GUID-1119D8B5-54D1-43C0-A344-019AA7BD1087
CanvasEffects -> https://help.autodesk.com/view/fusion360?guid=GUID-7A4B96A9-175A-4816-9D33-4C7B0DD074B8
Canvases -> https://help.autodesk.com/view/fusion360?guid=GUID-A4117C4E-F190-4982-8E22-EE931BC8E4D8
CanvasInput -> https://help.autodesk.com/view/fusion360?guid=GUID-297C4F60-6478-4D55-9425-C659459689CB
ChainSelection -> https://help.autodesk.com/view/fusion360?guid=GUID-FCF7FFDA-7107-4E80-AE89-73C8F5413E5F
ChamferEdgeSet -> https://help.autodesk.com/view/fusion360?guid=GUID-6B213DE6-9D22-44C6-9A48-FDB39698A65B
ChamferEdgeSets -> https://help.autodesk.com/view/fusion360?guid=GUID-5559FF65-8E45-4849-A964-7B5BC0374B9F
ChamferFeature -> https://help.autodesk.com/view/fusion360?guid=GUID-7a005e53-0664-479c-9f6a-6146709ca1ef
ChamferFeatureInput -> https://help.autodesk.com/view/fusion360?guid=GUID-f0eae304-aaca-4ced-b8c0-3b679d7c1f3d
ChamferFeatures -> https://help.autodesk.com/view/fusion360?guid=GUID-bcaf2f67-875f-4b25-ae85-52491e303da1
ChamferTypeDefinition -> https://help.autodesk.com/view/fusion360?guid=GUID-d9331ff5-0e24-4e02-b6bc-38ed53c0cc24
CheckBoxControlDefinition -> https://help.autodesk.com/view/fusion360?guid=GUID-78da93a5-4333-49be-a172-732ca537a359
ChildOperationList -> https://help.autodesk.com/view/fusion360?guid=GUID-2BCAD1FB-FFCE-4E20-AB7A-40530BA19004
ChoiceParameterValue -> https://help.autodesk.com/view/fusion360?guid=GUID-12652CF9-024C-447F-86F9-F9F28816F045
ChoiceProperty -> https://help.autodesk.com/view/fusion360?guid=GUID-be1fd89d-0130-44ef-a256-f3d490fc5bdd
ChordLengthFilletEdgeSet -> https://help.autodesk.com/view/fusion360?guid=GUID-50912677-EC1B-4BB7-BEF3-675C22C5A822
ChordLengthFilletEdgeSetInput -> https://help.autodesk.com/view/fusion360?guid=GUID-C68456D0-028F-4241-886A-9130F486B4CA
Circle2D -> https://help.autodesk.com/view/fusion360?guid=GUID-07a1d2ec-ee5b-4b74-834d-48ba73ee6f87
Circle3D -> https://help.autodesk.com/view/fusion360?guid=GUID-42aa5c12-6bc6-46bb-ad15-7de61f625ae3
CircularPatternConstraint -> https://help.autodesk.com/view/fusion360?guid=GUID-C48F42CE-DA52-4270-A894-5BE1B6D7073D
CircularPatternConstraintInput -> https://help.autodesk.com/view/fusion360?guid=GUID-BA0FF8E0-E29A-4070-80F2-974D747BDF17
CircularPatternFeature -> https://help.autodesk.com/view/fusion360?guid=GUID-c8181a3f-7c28-4f51-8f72-821548bda1ef
CircularPatternFeatureInput -> https://help.autodesk.com/view/fusion360?guid=GUID-02b140b4-5e75-40d5-9870-26421f0d74af
CircularPatternFeatures -> https://help.autodesk.com/view/fusion360?guid=GUID-a4cc7746-6d91-4fea-ae0b-2ae429ea9831
CloudFileDialog -> https://help.autodesk.com/view/fusion360?guid=GUID-16260275-F235-4BFF-BE51-DA8DA5F6F88C
CoilFeature -> https://help.autodesk.com/view/fusion360?guid=GUID-181d35d9-d1f5-4392-8a63-87a4affb9f2b
CoilFeatureInput -> https://help.autodesk.com/view/fusion360?guid=GUID-AD2115D9-90F0-4F5A-AF48-2F0C365B232F
CoilFeatures -> https://help.autodesk.com/view/fusion360?guid=GUID-1a25f536-6aa0-437f-b8ba-79beff4e1877
CoincidentConstraint -> https://help.autodesk.com/view/fusion360?guid=GUID-9dbc48ff-0a16-465a-9ec3-dbae925c2be4
CoincidentToSurfaceConstraint -> https://help.autodesk.com/view/fusion360?guid=GUID-6BD5B203-8DDB-4D06-8EC3-E42C2B276D35
CollinearConstraint -> https://help.autodesk.com/view/fusion360?guid=GUID-2a83245c-bcf9-45c0-a7f9-a148d8ea7aac
Color -> https://help.autodesk.com/view/fusion360?guid=GUID-b2763355-d5ce-43d8-bcd0-02f7c355c952
ColorControlPoint 🧪 -> https://help.autodesk.com/view/fusion360?guid=GUID-5515FCFC-7A2B-4A5F-B189-21F3D34BC370
ColorControlPointMapGraphNodeProperty 🧪 -> https://help.autodesk.com/view/fusion360?guid=GUID-D9077052-67D3-4C20-86E6-CAC2BB88BBFA
ColorGraphNodeProperty 🧪 -> https://help.autodesk.com/view/fusion360?guid=GUID-DE0DFA79-124E-47E0-A59D-9922D51F74FA
ColorProperty -> https://help.autodesk.com/view/fusion360?guid=GUID-4afd3334-fbfd-4812-a1a8-3a3d464bd4ee
CombineFeature -> https://help.autodesk.com/view/fusion360?guid=GUID-73156a6f-ce90-486e-a702-7e97eaeec688
CombineFeatureInput -> https://help.autodesk.com/view/fusion360?guid=GUID-b6751f07-c19a-4963-8961-15b99adaab17
CombineFeatures -> https://help.autodesk.com/view/fusion360?guid=GUID-c5771114-ca08-4a63-b03c-b4be9197fb71
Command -> https://help.autodesk.com/view/fusion360?guid=GUID-0550963a-ff63-4183-b0a7-a1bf0c99f821
CommandControl -> https://help.autodesk.com/view/fusion360?guid=GUID-bb8d8c7b-3049-40c9-b7a5-76d24a462327
CommandCreatedEvent -> https://help.autodesk.com/view/fusion360?guid=GUID-cc1e77f2-f04d-45e1-a8e0-4e64f8d1d96e
CommandCreatedEventArgs -> https://help.autodesk.com/view/fusion360?guid=GUID-97617dc7-d815-4b05-ac50-8880afe8937b
CommandCreatedEventHandler -> https://help.autodesk.com/view/fusion360?guid=GUID-63fc2cb0-6491-4abe-8d12-45785590f383
CommandDefinition -> https://help.autodesk.com/view/fusion360?guid=GUID-5e5a72e2-0869-4f85-936f-eab4ebd4aced
CommandDefinitions -> https://help.autodesk.com/view/fusion360?guid=GUID-d34065c0-b5b8-46f9-bd4c-36adfcdfda83
CommandEvent -> https://help.autodesk.com/view/fusion360?guid=GUID-a4cb2e36-7aa4-4584-b7e4-2a5fcc78fe83
CommandEventArgs -> https://help.autodesk.com/view/fusion360?guid=GUID-e3265681-b325-425b-8cf9-f2beaea4c305
CommandEventHandler -> https://help.autodesk.com/view/fusion360?guid=GUID-f389be06-2489-489e-8f10-5b6d8a96282f
CommandInput -> https://help.autodesk.com/view/fusion360?guid=GUID-3949772f-20de-4ad3-a1a9-2c6be429ad13
CommandInputs -> https://help.autodesk.com/view/fusion360?guid=GUID-504c1dbc-5132-454e-86fd-72101fa55d84
Component -> https://help.autodesk.com/view/fusion360?guid=GUID-b56b394e-b9c9-4403-a78b-a186b897909c
ComponentList -> https://help.autodesk.com/view/fusion360?guid=GUID-0ddb54cd-cd21-4880-8458-42a5c390ce86
Components -> https://help.autodesk.com/view/fusion360?guid=GUID-e6de15c2-2df6-4c78-9f3a-a771c373a949
ConcentricConstraint -> https://help.autodesk.com/view/fusion360?guid=GUID-3c5ee92b-24a7-41f6-9e3a-aa73f687018f
Cone -> https://help.autodesk.com/view/fusion360?guid=GUID-d9e9bb20-a490-4e11-835c-942bfbff3920
ConfigurationAppearanceCell -> https://help.autodesk.com/view/fusion360?guid=GUID-C7248DA5-35AD-4CD0-A70D-C3E7B1028AA6
ConfigurationAppearanceColumn -> https://help.autodesk.com/view/fusion360?guid=GUID-0ADBE724-AB74-4A11-80AD-F42EAFC561BA
ConfigurationAppearanceColumns -> https://help.autodesk.com/view/fusion360?guid=GUID-4B76730B-31EA-4944-BE7B-6492F8AFE61B
ConfigurationAppearanceTable -> https://help.autodesk.com/view/fusion360?guid=GUID-8069B687-99B5-4824-8FEE-EB7190A7B904
ConfigurationCell -> https://help.autodesk.com/view/fusion360?guid=GUID-CEFD1228-FE2F-464F-8D7C-BF8D0C259E44
ConfigurationColumn -> https://help.autodesk.com/view/fusion360?guid=GUID-448D432D-1E23-467A-9A75-E43094D1468C
ConfigurationColumns -> https://help.autodesk.com/view/fusion360?guid=GUID-9F99E4A7-B700-47B3-B3AF-9CBCB22D6A0C
ConfigurationCustomThemeTable -> https://help.autodesk.com/view/fusion360?guid=GUID-1F124C0A-2971-4418-B71C-AA9B00342847
ConfigurationCustomThemeTables -> https://help.autodesk.com/view/fusion360?guid=GUID-37B774F4-2E7B-49BC-9994-5E5A0FE45C4F
ConfigurationFeatureAspectBooleanCell -> https://help.autodesk.com/view/fusion360?guid=GUID-9167A144-0F30-468F-8C07-3CA0CC2ABBCF
ConfigurationFeatureAspectColumn -> https://help.autodesk.com/view/fusion360?guid=GUID-8B609A45-1C1F-4371-9C86-34CC5C88AB86
ConfigurationFeatureAspectStringCell -> https://help.autodesk.com/view/fusion360?guid=GUID-33A63DDF-8665-401C-A7CF-99840D430A31
ConfigurationFuture -> https://help.autodesk.com/view/fusion360?guid=GUID-F099F097-7718-46A5-B2B9-3B5373EBCDC7
ConfigurationInsertCell -> https://help.autodesk.com/view/fusion360?guid=GUID-2C2A5F9D-AFD5-4538-BC80-9F108E7B2BF4
ConfigurationInsertColumn -> https://help.autodesk.com/view/fusion360?guid=GUID-FA5D01D5-F473-45D7-83F8-77C2C0D1A3A9
ConfigurationJointSnap -> https://help.autodesk.com/view/fusion360?guid=GUID-A9C4354D-DE55-41B5-A732-464B10A57BE6
ConfigurationJointSnapCell -> https://help.autodesk.com/view/fusion360?guid=GUID-64A91A41-101E-4241-BC27-7C7B248DE5C1
ConfigurationJointSnapColumn -> https://help.autodesk.com/view/fusion360?guid=GUID-CD20748E-A1EE-420F-8F61-4FDFF817EF5C
ConfigurationJointSnaps -> https://help.autodesk.com/view/fusion360?guid=GUID-D800BD5D-7B52-4A8A-8CB2-E0D227847F2C
ConfigurationMaterialCell -> https://help.autodesk.com/view/fusion360?guid=GUID-0F3F40B1-8564-4194-9AD2-67DF17B40C83
ConfigurationMaterialColumn -> https://help.autodesk.com/view/fusion360?guid=GUID-A695737D-03FD-441D-8ACF-CB0CEA63B7A9
ConfigurationMaterialColumns -> https://help.autodesk.com/view/fusion360?guid=GUID-2F288DC9-CE7F-4AD9-996B-8DA41487CB2B
ConfigurationMaterialTable -> https://help.autodesk.com/view/fusion360?guid=GUID-43B0F088-7CE1-4151-8E6A-ECDCB45DF468
ConfigurationParameterCell -> https://help.autodesk.com/view/fusion360?guid=GUID-2F84E5B7-A67A-4F1F-BF08-120847096C41
ConfigurationParameterColumn -> https://help.autodesk.com/view/fusion360?guid=GUID-0B47E0A3-1F2C-4084-B334-BFB04AB2146F
ConfigurationPlasticRuleCell -> https://help.autodesk.com/view/fusion360?guid=GUID-D5E6FC6A-5D25-45FC-9AF5-1C75DA807CC4
ConfigurationPlasticRuleColumn -> https://help.autodesk.com/view/fusion360?guid=GUID-6BA71A6D-B38B-49C8-BA46-10BCE4DBE9D9
ConfigurationPlasticRuleColumns -> https://help.autodesk.com/view/fusion360?guid=GUID-ED38A179-F744-49FC-A93F-B4780E54405D
ConfigurationPlasticRuleTable -> https://help.autodesk.com/view/fusion360?guid=GUID-C348823B-BF9C-4144-8399-9D153CC9CE70
ConfigurationPropertyCell -> https://help.autodesk.com/view/fusion360?guid=GUID-79AF8A3D-6C9C-45E2-A36E-C491FB524F79
ConfigurationPropertyColumn -> https://help.autodesk.com/view/fusion360?guid=GUID-D7608EBA-6F8E-4C64-891C-9A4F68E15125
ConfigurationRow -> https://help.autodesk.com/view/fusion360?guid=GUID-431E0B2D-D700-47B4-8546-24A12DA52FF0
ConfigurationRows -> https://help.autodesk.com/view/fusion360?guid=GUID-930F2142-E3B0-44D6-BEB6-CA87FAD64C32
ConfigurationSheetMetalRuleCell -> https://help.autodesk.com/view/fusion360?guid=GUID-CC4E3221-BEDF-4A44-8340-B6233A24BE19
ConfigurationSheetMetalRuleColumn -> https://help.autodesk.com/view/fusion360?guid=GUID-BAC1A97B-26E5-4151-812F-5769E56984EA
ConfigurationSheetMetalRuleColumns -> https://help.autodesk.com/view/fusion360?guid=GUID-03B5E394-B2DF-4846-BC2E-F2947D5AF668
ConfigurationSheetMetalRuleTable -> https://help.autodesk.com/view/fusion360?guid=GUID-9A999602-9082-467A-B782-EB9FC711DA7A
ConfigurationSuppressCell -> https://help.autodesk.com/view/fusion360?guid=GUID-0A038603-6837-4FA4-9EB9-8A4DA8D11CCF
ConfigurationSuppressColumn -> https://help.autodesk.com/view/fusion360?guid=GUID-76D971CF-1E8E-4DD3-AFF0-550DF33F1E86
ConfigurationTable -> https://help.autodesk.com/view/fusion360?guid=GUID-D3032AC7-E47F-42B6-BE66-ADB8F3DCF7A1
ConfigurationThemeCell -> https://help.autodesk.com/view/fusion360?guid=GUID-38F9AE5B-01CB-4B3C-ADFA-645B4457A7AC
ConfigurationThemeColumn -> https://help.autodesk.com/view/fusion360?guid=GUID-E6435E18-D588-45B4-8BFE-3989A1203123
ConfigurationTopTable -> https://help.autodesk.com/view/fusion360?guid=GUID-FA104406-B0CC-408C-8530-7ED324DDB1B5
ConfigurationVisibilityCell -> https://help.autodesk.com/view/fusion360?guid=GUID-16DECAF2-4895-4C79-A50F-E8279470BD9C
ConfigurationVisibilityColumn -> https://help.autodesk.com/view/fusion360?guid=GUID-3EB76362-5E45-4CA6-9956-82C919847ABA
ConstantRadiusFilletEdgeSet -> https://help.autodesk.com/view/fusion360?guid=GUID-ad99bdef-0061-4509-a700-fc70db2bdaa9
ConstantRadiusFilletEdgeSetInput -> https://help.autodesk.com/view/fusion360?guid=GUID-261C771D-BC5A-4F97-9F8D-006E2EB38541
ConstructionAxes -> https://help.autodesk.com/view/fusion360?guid=GUID-40fafab3-a963-4c7a-85a0-54fb962f8dd4
ConstructionAxis -> https://help.autodesk.com/view/fusion360?guid=GUID-ae6c0cf2-2de7-4c57-9a98-0362d80f2b30
ConstructionAxisByLineDefinition -> https://help.autodesk.com/view/fusion360?guid=GUID-f11bb73b-993e-4667-b53f-d384da70d961
ConstructionAxisCircularFaceDefinition -> https://help.autodesk.com/view/fusion360?guid=GUID-1e9d28db-8985-40ec-917d-1cc2e82a38a2
ConstructionAxisDefinition -> https://help.autodesk.com/view/fusion360?guid=GUID-8e6aab4a-6b64-4de0-b5a7-5f437d15ff4f
ConstructionAxisEdgeDefinition -> https://help.autodesk.com/view/fusion360?guid=GUID-282c7f81-aefe-4594-90de-4bd9a2337e18
ConstructionAxisInput -> https://help.autodesk.com/view/fusion360?guid=GUID-cc20ff60-c9da-415b-9d2b-f7b2f9eaab16
ConstructionAxisNormalToFaceAtPointDefinition -> https://help.autodesk.com/view/fusion360?guid=GUID-96399fcd-dda1-49ee-9a25-27bdecf52fa9
ConstructionAxisPerpendicularAtPointDefinition -> https://help.autodesk.com/view/fusion360?guid=GUID-c9b6f360-0a95-4b57-b2bc-02a3e1fac129
ConstructionAxisTwoPlaneDefinition -> https://help.autodesk.com/view/fusion360?guid=GUID-68640dd0-e8e3-42ae-8b99-bc59615f3d3e
ConstructionAxisTwoPointDefinition -> https://help.autodesk.com/view/fusion360?guid=GUID-fea55555-37c6-44e8-a7d9-38919bda8077
ConstructionPlane -> https://help.autodesk.com/view/fusion360?guid=GUID-bc8dd363-a672-415b-a1b1-13c88b138e13
ConstructionPlaneAtAngleDefinition -> https://help.autodesk.com/view/fusion360?guid=GUID-d1d659a3-2b95-4118-bacc-845e76651732
ConstructionPlaneByPlaneDefinition -> https://help.autodesk.com/view/fusion360?guid=GUID-f01497b5-cfcd-4d5d-9360-5280e81dc2e3
ConstructionPlaneDefinition -> https://help.autodesk.com/view/fusion360?guid=GUID-0c50c567-d686-4f81-81b0-22fdac1772a0
ConstructionPlaneDistanceOnPathDefinition -> https://help.autodesk.com/view/fusion360?guid=GUID-e3bbd008-d47d-4882-985e-91aaa0b86ca1
ConstructionPlaneInput -> https://help.autodesk.com/view/fusion360?guid=GUID-54946b6f-5ef6-4e0b-8467-51f5f055b53b
ConstructionPlaneMidplaneDefinition -> https://help.autodesk.com/view/fusion360?guid=GUID-f7a7fe57-a427-45e1-a64c-c193820ff487
ConstructionPlaneOffsetDefinition -> https://help.autodesk.com/view/fusion360?guid=GUID-e9f9e5b4-8b9b-436b-bf34-499b0dc67c22
ConstructionPlaneOffsetThroughPointDefinition -> https://help.autodesk.com/view/fusion360?guid=GUID-7DAC9076-4C0D-4BF1-A86A-2096C7D9E5AD
ConstructionPlanes -> https://help.autodesk.com/view/fusion360?guid=GUID-21acafba-2636-4747-b64f-3e47133a23f0
ConstructionPlaneTangentAtPointDefinition -> https://help.autodesk.com/view/fusion360?guid=GUID-8e829b76-de76-4601-97c1-75617e268438
ConstructionPlaneTangentDefinition -> https://help.autodesk.com/view/fusion360?guid=GUID-2d48b417-b27f-4cfb-a865-91c8728fcce9
ConstructionPlaneThreePointsDefinition -> https://help.autodesk.com/view/fusion360?guid=GUID-102d6cee-dd2d-417f-9fbe-d640dc097354
ConstructionPlaneTwoEdgesDefinition -> https://help.autodesk.com/view/fusion360?guid=GUID-17cb0003-511d-4341-b1eb-0696fa2d8ae7
ConstructionPoint -> https://help.autodesk.com/view/fusion360?guid=GUID-9ad2ca71-a4da-4cb2-af70-17f3434c1de2
ConstructionPointCenterDefinition -> https://help.autodesk.com/view/fusion360?guid=GUID-7267b0cd-ddf1-4d0f-a365-9ca381e9176a
ConstructionPointDefinition -> https://help.autodesk.com/view/fusion360?guid=GUID-f48bb67f-d9a8-4661-92b5-a9e7fbcf3d21
ConstructionPointEdgePlaneDefinition -> https://help.autodesk.com/view/fusion360?guid=GUID-0078e31c-3a18-4515-98bb-df7e893fad4b
ConstructionPointInput -> https://help.autodesk.com/view/fusion360?guid=GUID-b3ffae9a-d7d7-48ee-bd66-b1138536767f
ConstructionPointPointDefinition -> https://help.autodesk.com/view/fusion360?guid=GUID-ef3a9d6c-9693-4cea-b272-f788e82e6907
ConstructionPoints -> https://help.autodesk.com/view/fusion360?guid=GUID-31ddb2ae-0231-4094-8fdf-3c69da39de37
ConstructionPointThreePlanesDefinition -> https://help.autodesk.com/view/fusion360?guid=GUID-5c61f0f8-d990-4403-b083-8d9a2a77382d
ConstructionPointTwoEdgesDefinition -> https://help.autodesk.com/view/fusion360?guid=GUID-44b7ce10-cf71-4f36-a103-dcd6c0349c56
ContactSet -> https://help.autodesk.com/view/fusion360?guid=GUID-502D3B85-9BAD-4A8B-B9C1-EE369D20EF89
ContactSets -> https://help.autodesk.com/view/fusion360?guid=GUID-439EC27E-97CC-45CF-A01E-9BA2334E507D
ControlDefinition -> https://help.autodesk.com/view/fusion360?guid=GUID-f4282920-9484-49db-bcdd-b46f6506543d
ControllerConfigurationMachineElement -> https://help.autodesk.com/view/fusion360?guid=GUID-823A97CF-0FEB-4055-8B99-C21ED783C5EE
CopyDesignFileInput 🧪 -> https://help.autodesk.com/view/fusion360?guid=GUID-1E65DAD7-41D1-47B9-8063-EF57BD08E6C6
CopyFileInput 🧪 -> https://help.autodesk.com/view/fusion360?guid=GUID-4F54CBBB-20BF-4189-B51F-06D13900EB1E
CopyPasteBodies -> https://help.autodesk.com/view/fusion360?guid=GUID-5D8BCF3C-22AA-4DF2-B5B2-D7E329D9A0E2
CopyPasteBody -> https://help.autodesk.com/view/fusion360?guid=GUID-86685E7F-69D7-4E04-BFA5-627AC823BFED
CreateFromCAMTemplateInput -> https://help.autodesk.com/view/fusion360?guid=GUID-7659F715-B221-4867-85FF-81356C1C6702
CurvatureCombAnalyses -> https://help.autodesk.com/view/fusion360?guid=GUID-333127EA-7BD4-4375-96F2-DBD54BFBA569
CurvatureCombAnalysis -> https://help.autodesk.com/view/fusion360?guid=GUID-208EA341-25FF-4138-8078-F6F97748BB54
CurvatureMapAnalyses -> https://help.autodesk.com/view/fusion360?guid=GUID-D93BE672-05DC-4705-BEC2-1419351DEFA1
CurvatureMapAnalysis -> https://help.autodesk.com/view/fusion360?guid=GUID-C5573D73-B6C0-4041-A764-FBF44CAFDB36
Curve2D -> https://help.autodesk.com/view/fusion360?guid=GUID-523bc5d0-7a0f-4e60-9b4c-583928597024
Curve3D -> https://help.autodesk.com/view/fusion360?guid=GUID-283c1e3d-2260-4d5b-ae9e-f84b8f6a0ca9
Curve3DPath 🧪 -> https://help.autodesk.com/view/fusion360?guid=GUID-AF95C042-EA05-465A-B944-6B9ED7C8B832
CurveEvaluator2D -> https://help.autodesk.com/view/fusion360?guid=GUID-d63dbda8-eb5e-4c62-a042-445719cfd828
CurveEvaluator3D -> https://help.autodesk.com/view/fusion360?guid=GUID-dc7ae251-e060-4d87-b6b8-e7f78abc0777
CurveSelection -> https://help.autodesk.com/view/fusion360?guid=GUID-8B3C0BE8-D352-43E6-A6EE-C6853E7663B5
CurveSelections -> https://help.autodesk.com/view/fusion360?guid=GUID-9CE0885E-8F54-436E-B472-4D9EB34F338B
CustomEvent -> https://help.autodesk.com/view/fusion360?guid=GUID-EC785EB6-22A8-4932-B362-395262D802CF
CustomEventArgs -> https://help.autodesk.com/view/fusion360?guid=GUID-32DB10A7-9717-4915-987D-918DD043B4CE
CustomEventHandler -> https://help.autodesk.com/view/fusion360?guid=GUID-2E5D9676-40A1-4C11-BEF8-6796525ADD26
CustomFeature 🧪 -> https://help.autodesk.com/view/fusion360?guid=GUID-1C076040-8906-4D09-8649-81E90F431B0D
CustomFeatureDefinition 🧪 -> https://help.autodesk.com/view/fusion360?guid=GUID-D78414F3-D264-4D75-9976-EA5BD2758DE3
CustomFeatureDependencies 🧪 -> https://help.autodesk.com/view/fusion360?guid=GUID-12AB5499-5F20-499E-B587-674DBB8948E5
CustomFeatureDependency 🧪 -> https://help.autodesk.com/view/fusion360?guid=GUID-CDB39D99-F9CD-416B-BDC4-C6330DD3BBC0
CustomFeatureEvent 🧪 -> https://help.autodesk.com/view/fusion360?guid=GUID-3A736B3C-B673-4448-A2F2-1F803F2652F2
CustomFeatureEventArgs 🧪 -> https://help.autodesk.com/view/fusion360?guid=GUID-D7229E36-BE3D-4FFE-B2F0-E37BF094CB44
CustomFeatureEventHandler 🧪 -> https://help.autodesk.com/view/fusion360?guid=GUID-872ABBC5-95F6-44F9-B523-405D246AE1E1
CustomFeatureInput 🧪 -> https://help.autodesk.com/view/fusion360?guid=GUID-16A01374-4A10-44D7-BAC1-D2D3395C3024
CustomFeatureParameter 🧪 -> https://help.autodesk.com/view/fusion360?guid=GUID-AF98CBF8-DE29-4ACB-8556-C80D3307CCE4
CustomFeatureParameters 🧪 -> https://help.autodesk.com/view/fusion360?guid=GUID-DACE2236-467F-46E9-8C28-D8EFD8094DE4
CustomFeatures 🧪 -> https://help.autodesk.com/view/fusion360?guid=GUID-61161FF1-BF85-4E60-9B3C-6104483CDC6A
CustomGraphicsAppearanceColorEffect -> https://help.autodesk.com/view/fusion360?guid=GUID-74F89A66-E770-4F0B-9984-E2066848ACC1
CustomGraphicsBasicMaterialColorEffect -> https://help.autodesk.com/view/fusion360?guid=GUID-1F2240DE-7130-4C57-9375-31A2F87A2604
CustomGraphicsBillBoard -> https://help.autodesk.com/view/fusion360?guid=GUID-DFC15A08-FAC9-4FD1-BEE0-DB535ADEA288
CustomGraphicsBRepBody -> https://help.autodesk.com/view/fusion360?guid=GUID-F656CF24-F4AE-441B-8D06-2C6C9CB42853
CustomGraphicsColorEffect -> https://help.autodesk.com/view/fusion360?guid=GUID-F58226CC-63E0-4643-BB9A-5749DE41FFD9
CustomGraphicsCoordinates -> https://help.autodesk.com/view/fusion360?guid=GUID-191F3E84-05E5-4A1E-B449-1FBA7CDCD000
CustomGraphicsCurve -> https://help.autodesk.com/view/fusion360?guid=GUID-BC3A6D28-A142-4001-8DDF-5699F2E5D4E3
CustomGraphicsEntity -> https://help.autodesk.com/view/fusion360?guid=GUID-4BEFEC9D-6744-4A39-AADD-94750A9079F9
CustomGraphicsGroup -> https://help.autodesk.com/view/fusion360?guid=GUID-3EE6065D-5A79-4547-86A8-F1CCBB9E33C7
CustomGraphicsGroups -> https://help.autodesk.com/view/fusion360?guid=GUID-A3BA6577-0EA3-4A10-B19C-7B6A2AA1188B
CustomGraphicsLines -> https://help.autodesk.com/view/fusion360?guid=GUID-18A8B31C-8972-41E4-B793-4CA264FA1A64
CustomGraphicsMesh -> https://help.autodesk.com/view/fusion360?guid=GUID-CD642CF5-346A-4014-B54D-F9A7FBBE9F48
CustomGraphicsPointSet -> https://help.autodesk.com/view/fusion360?guid=GUID-5A0951B3-DF95-4C61-894F-93567DF8EC84
CustomGraphicsShowThroughColorEffect -> https://help.autodesk.com/view/fusion360?guid=GUID-A8A8C4BF-DF2D-49D1-BAC8-B5553A0F3427
CustomGraphicsSolidColorEffect -> https://help.autodesk.com/view/fusion360?guid=GUID-6748E1F3-9BAB-44D2-9077-2409AD3A4332
CustomGraphicsText -> https://help.autodesk.com/view/fusion360?guid=GUID-4BF0DB87-C2BB-452C-BCD0-8BF6FE211171
CustomGraphicsVertexColorEffect -> https://help.autodesk.com/view/fusion360?guid=GUID-92DFA9B9-6DE9-4797-8C08-FBF61F70F49B
CustomGraphicsViewPlacement -> https://help.autodesk.com/view/fusion360?guid=GUID-C3F47A39-3D3E-492A-A80B-0733E26460F4
CustomGraphicsViewScale -> https://help.autodesk.com/view/fusion360?guid=GUID-A7C56CEF-FDBA-40CA-86F7-091474928361
CustomNamedValues 🧪 -> https://help.autodesk.com/view/fusion360?guid=GUID-FCDA833B-717D-4FAE-BD34-992474809F80
CustomSDFCallbackEventHandler 🧪 -> https://help.autodesk.com/view/fusion360?guid=GUID-B4913D50-5965-43E5-AA79-EFBBD2D57520
CutPasteBodies -> https://help.autodesk.com/view/fusion360?guid=GUID-CB605C04-44EB-4270-AE5D-4F581E2B73F5
CutPasteBody -> https://help.autodesk.com/view/fusion360?guid=GUID-1C4FC360-5113-434B-8829-868E58A9EBF9
Cylinder -> https://help.autodesk.com/view/fusion360?guid=GUID-f2096bd5-e842-4dcc-b9c4-e1c3859c5973
CylinderFeature -> https://help.autodesk.com/view/fusion360?guid=GUID-58DADA9B-970D-410A-8CF8-C601C92D71A3
CylinderFeatures -> https://help.autodesk.com/view/fusion360?guid=GUID-893DA799-E16D-4440-AD7A-883871430785
CylindricalJointMotion -> https://help.autodesk.com/view/fusion360?guid=GUID-8f33d43d-b44e-4f11-8124-6b3fd0acca93
Data -> https://help.autodesk.com/view/fusion360?guid=GUID-fa48f86c-bbdb-4566-af28-d70680bb2ec6
DataComponent 🧪 -> https://help.autodesk.com/view/fusion360?guid=GUID-B6F10C26-9D10-4936-86CB-3E3E63173EF4
DataEvent -> https://help.autodesk.com/view/fusion360?guid=GUID-2C137D7E-2896-4AEE-BFAB-9D71737B98D8
DataEventArgs -> https://help.autodesk.com/view/fusion360?guid=GUID-1171C9D6-C6A1-4623-B80F-1E7CC753E196
DataEventHandler -> https://help.autodesk.com/view/fusion360?guid=GUID-9FDACA00-0D53-43C1-9CF5-B00F19B9E243
DataFile -> https://help.autodesk.com/view/fusion360?guid=GUID-6e608b14-d5a4-4dee-bb4f-7a371c7fa50a
DataFileFuture -> https://help.autodesk.com/view/fusion360?guid=GUID-69480042-4eb1-4899-a13b-b9f2cea3785d
DataFiles -> https://help.autodesk.com/view/fusion360?guid=GUID-965e4bbe-d1d9-4c58-a312-250286cec9a6
DataFolder -> https://help.autodesk.com/view/fusion360?guid=GUID-a0938aea-0657-4784-9cfc-f5757627ae99
DataFolders -> https://help.autodesk.com/view/fusion360?guid=GUID-9fea439c-1d1f-4100-b2b1-afa883abd5c4
DataHub -> https://help.autodesk.com/view/fusion360?guid=GUID-0C48016A-E4B8-4544-8D92-ABB425826441
DataHubs -> https://help.autodesk.com/view/fusion360?guid=GUID-EC49462B-1BE0-4611-BE3F-6A0A0008B9DC
DataObject -> https://help.autodesk.com/view/fusion360?guid=GUID-C55CCBD9-C605-45A7-A438-1AA649DA4209
DataObjectFuture -> https://help.autodesk.com/view/fusion360?guid=GUID-4F38FCD3-1E82-4008-8334-3EB98743428A
DataProject -> https://help.autodesk.com/view/fusion360?guid=GUID-69b52da8-157d-4b0c-bc77-bd3aa28e53e6
DataProjects -> https://help.autodesk.com/view/fusion360?guid=GUID-14c83fcc-541c-48f0-a862-b84cd17a06d3
Decal -> https://help.autodesk.com/view/fusion360?guid=GUID-7D6BC8C5-0274-412C-A758-DF041B0D5076
DecalInput -> https://help.autodesk.com/view/fusion360?guid=GUID-444C61FF-D0D1-4E0F-82DC-08CBC8B504AF
Decals -> https://help.autodesk.com/view/fusion360?guid=GUID-947730B0-FEE4-4382-AC5D-6C13022392C4
DefaultUnitsPreferences -> https://help.autodesk.com/view/fusion360?guid=GUID-aa8615f7-0376-493d-ab5a-0f78ba6d1474
DefaultUnitsPreferencesCollection -> https://help.autodesk.com/view/fusion360?guid=GUID-7bc70db7-cbe1-4dc9-a0ea-d6a746d6fa00
DeleteFaceFeature -> https://help.autodesk.com/view/fusion360?guid=GUID-33098F4C-AEE7-4636-9D1F-B6779D12DA4D
DeleteFaceFeatures -> https://help.autodesk.com/view/fusion360?guid=GUID-D5937210-CBF0-4A32-BEE3-6F13D1A7A591
Design -> https://help.autodesk.com/view/fusion360?guid=GUID-5e0f5e8e-0ec0-4ee7-b827-0ec8da882bee
DirectionCommandInput -> https://help.autodesk.com/view/fusion360?guid=GUID-3C79A127-5B04-4AF3-9320-85CFF009A5AD
DistanceAndAngleChamferEdgeSet -> https://help.autodesk.com/view/fusion360?guid=GUID-CCD5035C-E59D-4DD6-AEEA-CAB170C04770
DistanceAndAngleChamferTypeDefinition -> https://help.autodesk.com/view/fusion360?guid=GUID-8c606067-182e-4b79-bb93-5b3713a868ad
DistanceExtentDefinition -> https://help.autodesk.com/view/fusion360?guid=GUID-9f2f2f30-fc7c-49ac-a76c-9eb1c289e5e5
DistanceValueCommandInput -> https://help.autodesk.com/view/fusion360?guid=GUID-4054E7F3-787F-4190-8B3B-584AFFCAB4D3
Document -> https://help.autodesk.com/view/fusion360?guid=GUID-54a08742-92b2-4831-b9e6-4161b89f6e1e
DocumentEvent -> https://help.autodesk.com/view/fusion360?guid=GUID-61f888ea-8f00-4f5a-a57f-38036c8b07a2
DocumentEventArgs -> https://help.autodesk.com/view/fusion360?guid=GUID-89e7da8c-835f-4aa4-9877-3b4b11368040
DocumentEventHandler -> https://help.autodesk.com/view/fusion360?guid=GUID-2b5a8d3d-40cd-442c-a9a1-b7dd5ccbfddf
DocumentReference -> https://help.autodesk.com/view/fusion360?guid=GUID-6F1927B4-B34D-463A-A0B3-BE338309DA06
DocumentReferences -> https://help.autodesk.com/view/fusion360?guid=GUID-0157CF97-C592-47A2-A0E0-0878FF294128
Documents -> https://help.autodesk.com/view/fusion360?guid=GUID-29580a5e-995a-489e-9ea0-9753c1e11ac0
DocumentStockMaterialLibrary 🧪 -> https://help.autodesk.com/view/fusion360?guid=GUID-FE4D9D59-6213-4FED-8CE9-D36236DF34CF
DocumentToolLibrary -> https://help.autodesk.com/view/fusion360?guid=GUID-C0A61669-1C70-4A68-8CAA-158108844FC7
DraftAnalyses -> https://help.autodesk.com/view/fusion360?guid=GUID-6C77D66D-FA2B-486C-8855-9BC2F957CE54
DraftAnalysis -> https://help.autodesk.com/view/fusion360?guid=GUID-D56B455B-8994-4C3A-A0EA-D3B6FA23C9D2
DraftFeature -> https://help.autodesk.com/view/fusion360?guid=GUID-2fbd5f36-6608-4353-b7a8-1ca721bee244
DraftFeatureInput -> https://help.autodesk.com/view/fusion360?guid=GUID-94cbbd0f-03b6-4d14-80a0-e1aa9b6cca11
DraftFeatures -> https://help.autodesk.com/view/fusion360?guid=GUID-1c080a32-2b07-44ba-a600-f1f223c341f9
Drawing -> https://help.autodesk.com/view/fusion360?guid=GUID-CEC1BA2F-1AA7-4D7D-9C98-410637FEDB1E
DrawingDocument -> https://help.autodesk.com/view/fusion360?guid=GUID-8FBCCDA0-E2F8-4A8C-B748-E998284C48B0
DrawingExportManager -> https://help.autodesk.com/view/fusion360?guid=GUID-A3767DDB-ECAB-431D-9C78-C44552736A0C
DrawingExportOptions -> https://help.autodesk.com/view/fusion360?guid=GUID-99097292-8F4F-42DB-A164-0A73ED6ACCEA
DropDownCommandInput -> https://help.autodesk.com/view/fusion360?guid=GUID-7d435ab5-3c44-427f-8ce3-83816df1aff4
DropDownControl -> https://help.autodesk.com/view/fusion360?guid=GUID-47de53a5-90f0-4d3c-9eee-3fc16d794014
DXF2DImportOptions -> https://help.autodesk.com/view/fusion360?guid=GUID-CEB75536-DB81-40DA-9C93-456835BF59D7
DXFFlatPatternExportOptions -> https://help.autodesk.com/view/fusion360?guid=GUID-6797D865-D679-4C1A-A81E-FC29188DCE3C
DXFSketchExportOptions -> https://help.autodesk.com/view/fusion360?guid=GUID-1BE374C0-1D70-4944-9C1A-BA0EB22DA776
Ellipse2D -> https://help.autodesk.com/view/fusion360?guid=GUID-8d465280-e681-4ecf-ba93-38cd34b80f92
Ellipse3D -> https://help.autodesk.com/view/fusion360?guid=GUID-3deddc1d-943c-49c7-9e45-c6ddfffad09e
EllipticalArc2D -> https://help.autodesk.com/view/fusion360?guid=GUID-0d18afb2-5e86-4e3a-b396-0c0e192e47b0
EllipticalArc3D -> https://help.autodesk.com/view/fusion360?guid=GUID-5b36e3d6-f4f6-41bb-a59b-c6bb679ad34b
EllipticalCone -> https://help.autodesk.com/view/fusion360?guid=GUID-d809fe8e-5542-4c98-ba77-4e81da6481ce
EllipticalCylinder -> https://help.autodesk.com/view/fusion360?guid=GUID-9f7ed755-278a-4b9f-b65d-668864384387
EqualConstraint -> https://help.autodesk.com/view/fusion360?guid=GUID-5e9190b8-e51d-417b-9953-17017075b2a4
EqualDistanceChamferEdgeSet -> https://help.autodesk.com/view/fusion360?guid=GUID-845A70E9-3A38-499B-81B3-6D8F6DB367C4
EqualDistanceChamferTypeDefinition -> https://help.autodesk.com/view/fusion360?guid=GUID-f1480ab7-36e1-4e6f-b695-658a7d62b189
Event -> https://help.autodesk.com/view/fusion360?guid=GUID-8fe1eb12-c1dd-4bb5-b8f5-18ec63a5f464
EventArgs -> https://help.autodesk.com/view/fusion360?guid=GUID-be2388b8-49d0-4774-b198-6315bbd5f4a8
EventHandler -> https://help.autodesk.com/view/fusion360?guid=GUID-B69903D5-DEFB-4B86-BD65-79ECE4819CD3
ExportManager -> https://help.autodesk.com/view/fusion360?guid=GUID-bb9ca64f-0fc0-43a8-a381-076bded65744
ExportOptions -> https://help.autodesk.com/view/fusion360?guid=GUID-024aaf13-d3b1-4379-8f42-206d1ab7ef73
ExtendFeature -> https://help.autodesk.com/view/fusion360?guid=GUID-26bb6b80-c9b6-4ae0-a8e2-a932eda9eedc
ExtendFeatureInput -> https://help.autodesk.com/view/fusion360?guid=GUID-66260e73-5fdd-48b3-8c82-78a4f00fc483
ExtendFeatures -> https://help.autodesk.com/view/fusion360?guid=GUID-14e7e29e-9181-478a-b8b7-eb82224ae792
ExtentDefinition -> https://help.autodesk.com/view/fusion360?guid=GUID-ad23162b-c708-4ec1-927a-6a4999a6bfe6
ExtrudeFeature -> https://help.autodesk.com/view/fusion360?guid=GUID-62d132d3-2ae9-4d74-91d1-f2eee3d68f5d
ExtrudeFeatureInput -> https://help.autodesk.com/view/fusion360?guid=GUID-b2548e39-b93a-4b44-8749-4a5115f85ae8
ExtrudeFeatures -> https://help.autodesk.com/view/fusion360?guid=GUID-9fb394ce-8568-4729-9bb7-ebc196c91839
FaceContourSelection -> https://help.autodesk.com/view/fusion360?guid=GUID-7EDAA015-445E-4E88-BF52-F4BF734F67FE
FaceGroup 🧪 -> https://help.autodesk.com/view/fusion360?guid=GUID-7E7F5330-076F-48B7-B541-9417D4BD9B5E
FaceGroups 🧪 -> https://help.autodesk.com/view/fusion360?guid=GUID-B8D557DD-2E3E-4CD6-965E-6530C5E294BE
FaceRipFeatureDefinition -> https://help.autodesk.com/view/fusion360?guid=GUID-02D490AE-D457-461F-9027-75AF75A15746
FavoriteAppearances -> https://help.autodesk.com/view/fusion360?guid=GUID-42929f44-dbf4-4394-9d7f-6b7ddfcbbac1
FavoriteMaterials -> https://help.autodesk.com/view/fusion360?guid=GUID-c204f588-beee-4911-bc63-1977724188fb
Feature -> https://help.autodesk.com/view/fusion360?guid=GUID-42d51f03-9e79-4951-82f8-8b68025337dc
FeatureList -> https://help.autodesk.com/view/fusion360?guid=GUID-991d2a39-11b7-4bf1-b1d0-ce097001dfd7
Features -> https://help.autodesk.com/view/fusion360?guid=GUID-7bfd8596-4584-48b6-8b9b-1ea63e304d34
FileDialog -> https://help.autodesk.com/view/fusion360?guid=GUID-69478fef-f96f-4e7c-b5af-766301072042
FilenameProperty -> https://help.autodesk.com/view/fusion360?guid=GUID-d31e3f18-534f-45b2-8d57-d06ec268d7a0
FilletEdgeSet -> https://help.autodesk.com/view/fusion360?guid=GUID-9b1f1cd2-e6cd-493f-8858-76ed2745a918
FilletEdgeSetInput -> https://help.autodesk.com/view/fusion360?guid=GUID-F3D7EEA3-B97A-4723-A7F2-F18A42D1DDF0
FilletEdgeSetInputs -> https://help.autodesk.com/view/fusion360?guid=GUID-BB0FE998-ED8A-40F3-AD64-409A6E9E2D82
FilletEdgeSets -> https://help.autodesk.com/view/fusion360?guid=GUID-5ec732db-a631-4b31-ad82-9677596e885d
FilletFeature -> https://help.autodesk.com/view/fusion360?guid=GUID-9f6de809-6e53-4667-bedb-9e95600411e9
FilletFeatureInput -> https://help.autodesk.com/view/fusion360?guid=GUID-84ba7ad1-03b7-45f2-b12c-a7f1b1a6e283
FilletFeatures -> https://help.autodesk.com/view/fusion360?guid=GUID-1d9c30aa-e012-4595-8720-5321f8bd56f1
FitOnPathTextDefintion -> https://help.autodesk.com/view/fusion360?guid=GUID-DFC89817-51EA-449C-9D15-D460F105FE79
FlangeFeature -> https://help.autodesk.com/view/fusion360?guid=GUID-EE3CD903-119B-4805-80CC-9D9FBC6961B0
FlangeFeatures -> https://help.autodesk.com/view/fusion360?guid=GUID-AA973AA9-BF5A-4EE9-9DA0-03B1A7F4961E
FlatPattern -> https://help.autodesk.com/view/fusion360?guid=GUID-F362060B-5F7D-4FD1-89BD-EFAD366E9399
FlatPatternComponent -> https://help.autodesk.com/view/fusion360?guid=GUID-D74E6E54-291C-4110-93F5-4FC96A32F316
FlatPatternProduct -> https://help.autodesk.com/view/fusion360?guid=GUID-C38AC532-07C1-4251-B620-B2BC4B6DCA3A
FloatParameterValue -> https://help.autodesk.com/view/fusion360?guid=GUID-C1348E0E-EDA4-4C1D-B312-5D4DBED37425
FloatProperty -> https://help.autodesk.com/view/fusion360?guid=GUID-5f67f9a8-40d5-43d2-978f-fa61140bcfe1
FloatSliderCommandInput -> https://help.autodesk.com/view/fusion360?guid=GUID-dc0914f6-2c85-4d94-8b92-9dcbaaf59fff
FloatSpinnerCommandInput -> https://help.autodesk.com/view/fusion360?guid=GUID-81736230-596d-479e-a7e9-2046673a07f5
FolderDialog -> https://help.autodesk.com/view/fusion360?guid=GUID-6D61575C-44AC-45B6-BE3B-064086459C7A
FormFeature -> https://help.autodesk.com/view/fusion360?guid=GUID-F4EF6ED5-C797-47B0-84F9-C2D4F53B31C6
FormFeatures -> https://help.autodesk.com/view/fusion360?guid=GUID-302164E7-26DD-4300-B6BB-E85DC5B63F45
FromEntityStartDefinition -> https://help.autodesk.com/view/fusion360?guid=GUID-C1CE6F0A-8624-4ABD-8B4C-B54A606759FF
FusionArchiveExportOptions -> https://help.autodesk.com/view/fusion360?guid=GUID-28fcbdde-5ac9-44f0-8113-1977a0578c16
FusionArchiveImportOptions -> https://help.autodesk.com/view/fusion360?guid=GUID-B9524F61-00E2-49C3-848F-EF5456D482D2
FusionDefaultUnitsPreferences -> https://help.autodesk.com/view/fusion360?guid=GUID-c6fb1d27-71fe-4b90-b9d7-21315d81030e
FusionDocument -> https://help.autodesk.com/view/fusion360?guid=GUID-b8e53dec-cd50-41da-8ba9-bc61556687d1
FusionProductPreferences -> https://help.autodesk.com/view/fusion360?guid=GUID-8a974a47-0738-4940-89bc-82d8afae730d
FusionUnitsManager -> https://help.autodesk.com/view/fusion360?guid=GUID-40dda15b-8dec-4122-b0fa-cbd604cd35b5
Future -> https://help.autodesk.com/view/fusion360?guid=GUID-585D4B4D-346D-42DE-A2FC-D8D9F0BCDBFB
GeneralPreferences -> https://help.autodesk.com/view/fusion360?guid=GUID-834723c3-880f-4b40-81eb-30066242bb01
GeneratedData -> https://help.autodesk.com/view/fusion360?guid=GUID-06D46825-C164-40EE-AE19-2E433638EECD
GeneratedDataCollection -> https://help.autodesk.com/view/fusion360?guid=GUID-3F595AF0-95A5-4476-8E1A-C62444CFB4E4
GenerateToolpathFuture -> https://help.autodesk.com/view/fusion360?guid=GUID-FD6AC9A8-5F10-4780-A9F9-3730F1254BE4
GeometricConstraint -> https://help.autodesk.com/view/fusion360?guid=GUID-c11e3a4e-4b2c-4f7f-9b5f-5c0aba6356bc
GeometricConstraintList -> https://help.autodesk.com/view/fusion360?guid=GUID-2266a916-65f1-45ae-ab53-3afaaddad40c
GeometricConstraints -> https://help.autodesk.com/view/fusion360?guid=GUID-52c4f765-43c8-4d81-a1a8-5151dc02c03c
GeometricRelationship 🧪 -> https://help.autodesk.com/view/fusion360?guid=GUID-EA029B6F-0D07-435B-A32C-0D510178BBF7
GeometricRelationships 🧪 -> https://help.autodesk.com/view/fusion360?guid=GUID-303FFDCC-F94A-4EA0-BEA6-01094A7758B2
GeometryGraphNodeProperty 🧪 -> https://help.autodesk.com/view/fusion360?guid=GUID-17CD934B-CA86-4F50-AFC5-E43914A4974A
GeometrySelection -> https://help.autodesk.com/view/fusion360?guid=GUID-E960D9A2-73CC-4502-8CB9-7DC80AD1B86B
Graph 🧪 -> https://help.autodesk.com/view/fusion360?guid=GUID-697646A3-D037-43FF-8A68-9BEA88229363
GraphConnector 🧪 -> https://help.autodesk.com/view/fusion360?guid=GUID-84492FF5-99FF-43CD-A9E3-DDEAC72FD596
GraphicsPreferences -> https://help.autodesk.com/view/fusion360?guid=GUID-3f9cd70b-1b1d-4719-a9b6-cc2ae4295f1a
GraphNode 🧪 -> https://help.autodesk.com/view/fusion360?guid=GUID-3EED7F32-B803-4012-A01E-F3C32E4249A4
GraphNodeProperties 🧪 -> https://help.autodesk.com/view/fusion360?guid=GUID-A4C630F8-CBD9-416D-9A29-89BF6532F335
GraphNodeProperty 🧪 -> https://help.autodesk.com/view/fusion360?guid=GUID-15467236-8AE3-4843-AD6B-6838B8FFE5DF
GridPreferences -> https://help.autodesk.com/view/fusion360?guid=GUID-e9f8c300-fe21-4b8b-8536-3a842752138b
GroupCommandInput -> https://help.autodesk.com/view/fusion360?guid=GUID-44d01a54-8fbc-46f9-a745-b419d93a7e42
HoleFeature -> https://help.autodesk.com/view/fusion360?guid=GUID-3315b7ea-f85d-417c-ad31-2d328b72f6a5
HoleFeatureInput -> https://help.autodesk.com/view/fusion360?guid=GUID-fb8debe0-8955-4a24-9980-4d4a2669b379
HoleFeatures -> https://help.autodesk.com/view/fusion360?guid=GUID-4ddaec84-1719-4d63-99ed-b1775bc07b3c
HolePositionDefinition -> https://help.autodesk.com/view/fusion360?guid=GUID-38d87421-a1d2-464c-b19e-913a38cc3bad
HorizontalConstraint -> https://help.autodesk.com/view/fusion360?guid=GUID-3028227b-6c51-4e78-bfaf-3bca0bbddad4
HorizontalPointsConstraint -> https://help.autodesk.com/view/fusion360?guid=GUID-1cde8595-29f9-4651-8860-d0c360bef6df
HTMLEvent -> https://help.autodesk.com/view/fusion360?guid=GUID-C9586C55-1907-46DC-9537-402A604D86A9
HTMLEventArgs -> https://help.autodesk.com/view/fusion360?guid=GUID-FC382614-5BE1-4588-9A52-D561B9037A44
HTMLEventHandler -> https://help.autodesk.com/view/fusion360?guid=GUID-0AAEB1E9-2BB2-4BAD-8CF7-1739DEC02BFD
HttpEvent -> https://help.autodesk.com/view/fusion360?guid=GUID-8ECF3D4D-F9A7-49DF-BFFE-F6EBB590E623
HttpEventArgs -> https://help.autodesk.com/view/fusion360?guid=GUID-64F7C13C-C405-424A-9B21-784EFA861E94
HttpEventHandler -> https://help.autodesk.com/view/fusion360?guid=GUID-8F26DBA4-3B68-424D-9405-D53C1B383012
HttpRequest -> https://help.autodesk.com/view/fusion360?guid=GUID-5CEA1C43-C3A6-434D-B095-6CFC4E975A63
HttpResponse -> https://help.autodesk.com/view/fusion360?guid=GUID-53549673-AD10-4FD6-93DD-44FB86EA2210
IGESExportOptions -> https://help.autodesk.com/view/fusion360?guid=GUID-18ed3a0d-8665-4965-8aa1-920b506da0bb
IGESImportOptions -> https://help.autodesk.com/view/fusion360?guid=GUID-8AF6AED9-73C9-4A19-B6B0-CDE8020CF3E3
ImageCommandInput -> https://help.autodesk.com/view/fusion360?guid=GUID-bd5d1a75-6db3-469f-b00e-ad7efb6595cc
ImportManager -> https://help.autodesk.com/view/fusion360?guid=GUID-DA509909-1E13-48F1-8235-744BA6B94CBA
ImportOptions -> https://help.autodesk.com/view/fusion360?guid=GUID-746580C1-EF77-4580-A1F5-6BF4BD29D131
InCanvasRendering -> https://help.autodesk.com/view/fusion360?guid=GUID-666FFFE7-077D-4AFD-BBB4-CAD72D82F618
InfiniteLine3D -> https://help.autodesk.com/view/fusion360?guid=GUID-fa75390c-8a5d-4b56-b562-7e3538cb9dbc
InputChangedEvent -> https://help.autodesk.com/view/fusion360?guid=GUID-1c8998bd-c4b1-4b91-881d-0b57cf468a5f
InputChangedEventArgs -> https://help.autodesk.com/view/fusion360?guid=GUID-623449cf-bf24-49e8-9117-dcbd876d6920
InputChangedEventHandler -> https://help.autodesk.com/view/fusion360?guid=GUID-b88bded7-33dd-42b8-94a0-f988a8a645cb
IntegerGraphNodeProperty 🧪 -> https://help.autodesk.com/view/fusion360?guid=GUID-5F526FE9-6C90-4272-896D-319BD86E6164
IntegerParameterValue -> https://help.autodesk.com/view/fusion360?guid=GUID-9BC8C275-737F-47BA-9416-594245310FCE
IntegerProperty -> https://help.autodesk.com/view/fusion360?guid=GUID-ec7c1dc5-9c34-440c-9f35-17a9926c0485
IntegerSliderCommandInput -> https://help.autodesk.com/view/fusion360?guid=GUID-3544b7b6-81ab-49d4-9bb7-ba46df8bd401
IntegerSpinnerCommandInput -> https://help.autodesk.com/view/fusion360?guid=GUID-12aa42ec-0171-42a1-9b12-83ddacc5eb44
InterferenceInput -> https://help.autodesk.com/view/fusion360?guid=GUID-B214CF0B-8F16-473A-ADC3-3C8A791B2F14
InterferenceResult -> https://help.autodesk.com/view/fusion360?guid=GUID-F5EE87C8-EACB-4D90-B5FF-607ECB6E285B
InterferenceResults -> https://help.autodesk.com/view/fusion360?guid=GUID-1ACCFF4A-EE7F-4631-BB42-B8C0DA2DC1DE
IsoCurveAnalyses -> https://help.autodesk.com/view/fusion360?guid=GUID-14FFF237-0460-436D-B73B-28AECC09F575
IsoCurveAnalysis -> https://help.autodesk.com/view/fusion360?guid=GUID-209E5B6E-4073-40EF-9AEA-65B23D4D78D8
Joint -> https://help.autodesk.com/view/fusion360?guid=GUID-1d8fd21e-5c4a-4b57-b617-28a647332842
JointGeometry -> https://help.autodesk.com/view/fusion360?guid=GUID-1bf25297-cc4c-4c97-a384-cc7111489af1
JointInput -> https://help.autodesk.com/view/fusion360?guid=GUID-e54adb12-2eb4-4045-8e6e-e719ed3fd4a5
JointLimits -> https://help.autodesk.com/view/fusion360?guid=GUID-e3fb19a1-d7ef-4b34-a6f5-76a907d6a774
JointList -> https://help.autodesk.com/view/fusion360?guid=GUID-28C5B12A-5B4B-4315-94CA-08AFB5C3BA40
JointMotion -> https://help.autodesk.com/view/fusion360?guid=GUID-245117d7-ff13-416e-b503-ccabccdf27b6
JointOrigin -> https://help.autodesk.com/view/fusion360?guid=GUID-2EEC071C-4973-401D-8C4D-0367EE558CC0
JointOriginInput -> https://help.autodesk.com/view/fusion360?guid=GUID-DED7BCB2-6043-4130-9B76-04D2A0E434E8
JointOriginList -> https://help.autodesk.com/view/fusion360?guid=GUID-74FF287F-C4DB-4AFF-A647-9C4A6891AB65
JointOrigins -> https://help.autodesk.com/view/fusion360?guid=GUID-AFF311BF-EF1E-4DA8-BB09-FED49CE4D377
Joints -> https://help.autodesk.com/view/fusion360?guid=GUID-1c6e79f3-a600-4246-83c2-290f52936f27
KeyboardEvent -> https://help.autodesk.com/view/fusion360?guid=GUID-864e00e1-11a1-4011-8474-19b2300a9f52
KeyboardEventArgs -> https://help.autodesk.com/view/fusion360?guid=GUID-aed8b88d-02a3-4fb7-aa39-d4d862b35c94
KeyboardEventHandler -> https://help.autodesk.com/view/fusion360?guid=GUID-6cbacdff-b5e2-441b-8b69-e0e0ce7c4d6f
KinematicsMachineElement -> https://help.autodesk.com/view/fusion360?guid=GUID-A25F6BED-5942-4E8B-9C73-3CA2F1E76F27
Line2D -> https://help.autodesk.com/view/fusion360?guid=GUID-9a6d14f2-db17-47c3-a55d-ce3457936c75
Line3D -> https://help.autodesk.com/view/fusion360?guid=GUID-42613b0c-dd36-499f-8076-320856063f92
LinearMachineAxis -> https://help.autodesk.com/view/fusion360?guid=GUID-A5349A4C-6631-4761-9AE9-2A19E47989A9
LinearMachineAxisConfiguration -> https://help.autodesk.com/view/fusion360?guid=GUID-3B529242-F081-441C-80B7-CAB99E69AFE1
LinearMachineAxisInput -> https://help.autodesk.com/view/fusion360?guid=GUID-5C5011C9-9E95-4840-A90A-D0A6D30D42D7
LinearMarkingMenu -> https://help.autodesk.com/view/fusion360?guid=GUID-626F9254-9F24-4F14-A431-EBCB2DFA95CA
LineOnPlanarSurfaceConstraint -> https://help.autodesk.com/view/fusion360?guid=GUID-AED22CE8-F549-445D-8C73-D3707BB3B3FB
LineParallelToPlanarSurfaceConstraint -> https://help.autodesk.com/view/fusion360?guid=GUID-351A0CDA-9286-4F39-8C03-BAAEB10F9342
ListControlDefinition -> https://help.autodesk.com/view/fusion360?guid=GUID-bd75eda6-1d13-4274-9703-d66af434a92f
ListItem -> https://help.autodesk.com/view/fusion360?guid=GUID-589101c7-7f95-4b3c-8d46-7f47c00c0dc1
ListItems -> https://help.autodesk.com/view/fusion360?guid=GUID-37442c94-cc15-4510-96ee-3638f29b401f
LoftCenterLineOrRail -> https://help.autodesk.com/view/fusion360?guid=GUID-70D0E565-AB71-4FC2-876C-475243FCADD8
LoftCenterLineOrRails -> https://help.autodesk.com/view/fusion360?guid=GUID-121B8BF9-DA10-48A3-BC90-416DC0746DCE
LoftDirectionEndCondition -> https://help.autodesk.com/view/fusion360?guid=GUID-C6A7A80B-17C4-4366-B918-7E6DC6845B7D
LoftEndCondition -> https://help.autodesk.com/view/fusion360?guid=GUID-EA69C8D1-EC14-4871-B51F-370AF01E2122
LoftFeature -> https://help.autodesk.com/view/fusion360?guid=GUID-08F66B90-2F2D-4555-AFC6-6108C6C9F796
LoftFeatureInput -> https://help.autodesk.com/view/fusion360?guid=GUID-116CA8F5-082A-4B57-8BFD-A8C8B795203E
LoftFeatures -> https://help.autodesk.com/view/fusion360?guid=GUID-3B6454C6-DEA0-4F36-9EDA-1FFEDE23A91B
LoftFreeEndCondition -> https://help.autodesk.com/view/fusion360?guid=GUID-7AB8B984-6BDB-4C35-8312-31B499D525B1
LoftPointSharpEndCondition -> https://help.autodesk.com/view/fusion360?guid=GUID-E2A6AA1F-4C4E-4158-89FC-AC89139231E9
LoftPointTangentEndCondition -> https://help.autodesk.com/view/fusion360?guid=GUID-0A5C3D72-B0FE-4629-8479-18C8C07FD0DF
LoftSection -> https://help.autodesk.com/view/fusion360?guid=GUID-B08B08BE-391A-4F12-AE1A-B8C556CD6FD6
LoftSections -> https://help.autodesk.com/view/fusion360?guid=GUID-A6BB29EE-7997-4E1F-A8D2-30CED90FABA1
LoftSmoothEndCondition -> https://help.autodesk.com/view/fusion360?guid=GUID-19BCAFA1-F4F1-4C6F-89DB-33C10F61E5D9
LoftTangentEndCondition -> https://help.autodesk.com/view/fusion360?guid=GUID-837538E9-B5E5-4548-9833-AFE2AE461F8E
Machine -> https://help.autodesk.com/view/fusion360?guid=GUID-548A03E1-2728-4012-BC37-41A507629C95
MachineAvoidDefaultSelection -> https://help.autodesk.com/view/fusion360?guid=GUID-AD9507AA-7C98-4926-A71A-FF4683C04CD4
MachineAvoidDirectSelection -> https://help.autodesk.com/view/fusion360?guid=GUID-9C2A1165-C330-4ABD-B732-4987AD503B7E
MachineAvoidGroups -> https://help.autodesk.com/view/fusion360?guid=GUID-A6092818-200F-47AA-BA34-82744AC7CFC1
MachineAvoidSelectionBase -> https://help.autodesk.com/view/fusion360?guid=GUID-5FF47D40-91FD-4D3B-BDB6-80AC0526A64F
MachineAxis -> https://help.autodesk.com/view/fusion360?guid=GUID-27C0F2A5-E347-4F1B-AFE7-4D8EE81A8765
MachineAxisConfiguration -> https://help.autodesk.com/view/fusion360?guid=GUID-131395FA-8A3C-4765-B898-CA788D8E4CC8
MachineAxisConfigurations -> https://help.autodesk.com/view/fusion360?guid=GUID-554495FB-5D7D-4F23-B9AB-217548E61F1D
MachineAxisInput -> https://help.autodesk.com/view/fusion360?guid=GUID-3A3252FB-7F5D-46D4-B820-23CD83331698
MachineAxisRange -> https://help.autodesk.com/view/fusion360?guid=GUID-17BEEA61-6AC2-480B-9CEB-D77F501B379A
MachineCapabilities -> https://help.autodesk.com/view/fusion360?guid=GUID-A8671E16-1572-4E1B-8566-FACB3E03B120
MachineElement -> https://help.autodesk.com/view/fusion360?guid=GUID-914E085D-BD29-4DF9-AF7C-26F204820BCF
MachineElements -> https://help.autodesk.com/view/fusion360?guid=GUID-5AA5347D-37B0-40E8-A7AC-74F63AED4FED
MachineFromFileInput -> https://help.autodesk.com/view/fusion360?guid=GUID-A1A85AFA-4DFE-408A-86C2-99D3C99DF82D
MachineFromLibraryInput -> https://help.autodesk.com/view/fusion360?guid=GUID-3F7AA157-87EA-4C56-8B44-2F7119921AC8
MachineFromTemplateInput -> https://help.autodesk.com/view/fusion360?guid=GUID-89C477B7-3699-405B-90D2-9FF3C33B8C64
MachineInput -> https://help.autodesk.com/view/fusion360?guid=GUID-8E9927FF-F15E-407F-9022-2DF05A210862
MachineLibrary -> https://help.autodesk.com/view/fusion360?guid=GUID-CA9010F5-8535-40B6-9F77-0DE41CAA951C
MachinePart -> https://help.autodesk.com/view/fusion360?guid=GUID-957DB8CB-6F02-4C72-9A29-2B23C6A526CA
MachinePartInput -> https://help.autodesk.com/view/fusion360?guid=GUID-EF0F7F1E-9BCD-4053-9034-F8F36935FB5B
MachineParts -> https://help.autodesk.com/view/fusion360?guid=GUID-3DDA429C-208B-44B7-9FB8-4D20DB07EC58
MachineQuery -> https://help.autodesk.com/view/fusion360?guid=GUID-C33BB101-4267-4B24-95A4-3AE0FDDC34A5
MachineSpindle -> https://help.autodesk.com/view/fusion360?guid=GUID-C4E64DDE-F040-42F4-8992-8071A8DF4551
MachineSpindleInput -> https://help.autodesk.com/view/fusion360?guid=GUID-0E9CD15C-0D81-4C4E-8106-BB3638F0FB4D
MachineToolStation 🧪 -> https://help.autodesk.com/view/fusion360?guid=GUID-0EECFC75-A42A-44A2-95FB-8A357B39C919
MachineToolStationInput 🧪 -> https://help.autodesk.com/view/fusion360?guid=GUID-699F0068-096C-4A29-AD0A-4D55980C5286
MachiningTime -> https://help.autodesk.com/view/fusion360?guid=GUID-E0CFD34D-9263-456F-B266-B0F45902F25E
ManufacturingModel -> https://help.autodesk.com/view/fusion360?guid=GUID-CB889E8E-DDEC-411E-B5FA-0A209D9F5DDD
ManufacturingModelInput -> https://help.autodesk.com/view/fusion360?guid=GUID-88B5906C-C9BB-4F11-B69A-4D62B3A543F2
ManufacturingModels -> https://help.autodesk.com/view/fusion360?guid=GUID-0ABF5712-BCA3-4285-AB3D-C8E95274D0C7
MarkingMenuEvent -> https://help.autodesk.com/view/fusion360?guid=GUID-35A4FEA1-3CC5-4B26-8CA7-14D2F1CAAC56
MarkingMenuEventArgs -> https://help.autodesk.com/view/fusion360?guid=GUID-1CFFE536-D5E0-449B-8D2B-8A010990AE59
MarkingMenuEventHandler -> https://help.autodesk.com/view/fusion360?guid=GUID-1E5D1AB4-C976-405E-95C0-5A739C971810
Material -> https://help.autodesk.com/view/fusion360?guid=GUID-db98ea61-96d7-40e0-9bc4-f7a376c7fa6c
MaterialLibraries -> https://help.autodesk.com/view/fusion360?guid=GUID-2e9217cb-d164-4f79-9807-bfff48fe18df
MaterialLibrary -> https://help.autodesk.com/view/fusion360?guid=GUID-d3ca4853-b589-4101-b0c9-edf4059e39f9
MaterialPreferences -> https://help.autodesk.com/view/fusion360?guid=GUID-257620f7-d31e-483b-b533-52e00de74e55
Materials -> https://help.autodesk.com/view/fusion360?guid=GUID-de7e0071-1cfb-4e4c-996b-93517470e7ad
Matrix2D -> https://help.autodesk.com/view/fusion360?guid=GUID-9bc841aa-a429-4af5-a871-9645d064e070
Matrix3D -> https://help.autodesk.com/view/fusion360?guid=GUID-b831d9f4-c231-4b9f-9b4d-658614ecdc79
Matrix3DGraphNodeProperty 🧪 -> https://help.autodesk.com/view/fusion360?guid=GUID-C51DD4D9-BC14-42CB-A4FB-97AE46C52DF8
MeasureManager -> https://help.autodesk.com/view/fusion360?guid=GUID-DF2F5C84-57C7-4F61-BA05-D2978FFF2724
MeasureResults -> https://help.autodesk.com/view/fusion360?guid=GUID-0BB9202B-604B-433F-A4DB-058FA83F6DF4
MergeFacesFeatureInput -> https://help.autodesk.com/view/fusion360?guid=GUID-687383F8-96F8-4025-A1DF-258A9152859D
MergeFacesFeatures -> https://help.autodesk.com/view/fusion360?guid=GUID-10D5387D-B8C5-4A4D-9226-BEA6C5246B20
MeshBodies -> https://help.autodesk.com/view/fusion360?guid=GUID-5c59ef28-c4d9-45ff-8800-0e2a79006919
MeshBody -> https://help.autodesk.com/view/fusion360?guid=GUID-96f7fbb8-1faf-4f6a-8079-1129ef336033
MeshBodyDisplayOverrides -> https://help.autodesk.com/view/fusion360?guid=GUID-51202C39-7849-47E2-83AF-74D5AAEB5421
MeshBodyList -> https://help.autodesk.com/view/fusion360?guid=GUID-53a18bae-c650-4832-a159-b9ad2903532a
MeshCombineFaceGroupsFeature 🧪 -> https://help.autodesk.com/view/fusion360?guid=GUID-C0097F46-9839-40F7-8718-C4B59F28D570
MeshCombineFaceGroupsFeatureInput 🧪 -> https://help.autodesk.com/view/fusion360?guid=GUID-3622C0C5-8C57-4D7A-BC00-13AF6508E52F
MeshCombineFaceGroupsFeatures 🧪 -> https://help.autodesk.com/view/fusion360?guid=GUID-1594A5B4-A45C-4C8D-94EB-10148DC9487A
MeshCombineFeature 🧪 -> https://help.autodesk.com/view/fusion360?guid=GUID-5CE81130-EFB5-48A0-8ED8-202CD9E6A15E
MeshCombineFeatureInput 🧪 -> https://help.autodesk.com/view/fusion360?guid=GUID-3B945CF0-17BC-4F0D-B68D-93B5C1290DC7
MeshCombineFeatures 🧪 -> https://help.autodesk.com/view/fusion360?guid=GUID-31254695-C509-49EA-9C7D-8C28C0D80427
MeshConvertFeature 🧪 -> https://help.autodesk.com/view/fusion360?guid=GUID-3F6AC2D3-D6B0-4C1D-9325-F20EC6ADDF56
MeshConvertFeatureInput 🧪 -> https://help.autodesk.com/view/fusion360?guid=GUID-6ABB5CF6-D473-47FF-81D0-F43462F68667
MeshConvertFeatures 🧪 -> https://help.autodesk.com/view/fusion360?guid=GUID-9E47AE03-72E4-43BD-B175-79C1B5B5E2E4
MeshFeature 🧪 -> https://help.autodesk.com/view/fusion360?guid=GUID-1C16560A-EF5F-4737-A86D-37D89C3DA4C0
MeshGenerateFaceGroupsFeature 🧪 -> https://help.autodesk.com/view/fusion360?guid=GUID-7CD5D349-BB74-4A93-A78E-4F71B4D67B62
MeshGenerateFaceGroupsFeatureInput 🧪 -> https://help.autodesk.com/view/fusion360?guid=GUID-265D3D2C-E796-4EF2-AB81-9183802B5CC2
MeshGenerateFaceGroupsFeatures 🧪 -> https://help.autodesk.com/view/fusion360?guid=GUID-C752F65E-2D68-402F-ACA5-974718B09482
MeshManager -> https://help.autodesk.com/view/fusion360?guid=GUID-8640d22b-200c-4cb2-8756-aec5d13f8a90
MeshReduceFeature 🧪 -> https://help.autodesk.com/view/fusion360?guid=GUID-8767C071-83C9-42D4-B067-E584EB6BCC99
MeshReduceFeatureInput 🧪 -> https://help.autodesk.com/view/fusion360?guid=GUID-C060A75C-51D2-4655-B70A-C8B9590A7241
MeshReduceFeatures 🧪 -> https://help.autodesk.com/view/fusion360?guid=GUID-B73E3056-A9C2-4AA1-A881-FA9A702C2AA3
MeshRemeshFeature 🧪 -> https://help.autodesk.com/view/fusion360?guid=GUID-23678A02-7BAC-4D9B-A3F4-3141CEF0DB09
MeshRemeshFeatureInput 🧪 -> https://help.autodesk.com/view/fusion360?guid=GUID-2814D29A-05C6-4519-B50C-5D6704EE2FF2
MeshRemeshFeatures 🧪 -> https://help.autodesk.com/view/fusion360?guid=GUID-24630E62-E09A-4E9B-B807-B679AC2EB00C
MeshRepairFeature 🧪 -> https://help.autodesk.com/view/fusion360?guid=GUID-96FF88A8-0028-4D2B-A121-394823078D44
MeshRepairFeatureInput 🧪 -> https://help.autodesk.com/view/fusion360?guid=GUID-7847BA66-F735-4342-9A9A-2033E3A14B52
MeshRepairFeatures 🧪 -> https://help.autodesk.com/view/fusion360?guid=GUID-7AF86CCE-1A10-4F1D-BD17-C1D2E51F350B
MeshReverseNormalFeature 🧪 -> https://help.autodesk.com/view/fusion360?guid=GUID-D74EC84B-65B7-407F-B9F2-0F7F11DCE69A
MeshReverseNormalFeatureInput 🧪 -> https://help.autodesk.com/view/fusion360?guid=GUID-FDE810A2-C913-4BF9-AE44-327806A01449
MeshReverseNormalFeatures 🧪 -> https://help.autodesk.com/view/fusion360?guid=GUID-E7C00ACF-90BC-4414-B187-9D6C28C8B166
MeshSeparateFeature 🧪 -> https://help.autodesk.com/view/fusion360?guid=GUID-DEEFBD12-C523-4261-A95A-C2AE89E463FD
MeshSeparateFeatureInput 🧪 -> https://help.autodesk.com/view/fusion360?guid=GUID-F3109BDC-EAC0-452C-8EA1-5B13EFE52923
MeshSeparateFeatures 🧪 -> https://help.autodesk.com/view/fusion360?guid=GUID-802CC123-3C4B-4B0E-A6F6-9446251C1696
MeshShellFeature 🧪 -> https://help.autodesk.com/view/fusion360?guid=GUID-EB0507B2-842A-450A-9622-B46A96E60B4C
MeshShellFeatureInput 🧪 -> https://help.autodesk.com/view/fusion360?guid=GUID-A5BB68E3-47F4-4261-90BF-3BEE12BBDA27
MeshShellFeatures 🧪 -> https://help.autodesk.com/view/fusion360?guid=GUID-64DF514E-8997-4CB5-9B19-76C9BA9705B0
MeshSmoothFeature 🧪 -> https://help.autodesk.com/view/fusion360?guid=GUID-23AB8F60-38D3-46F0-8127-94287ECD708C
MeshSmoothFeatureInput 🧪 -> https://help.autodesk.com/view/fusion360?guid=GUID-FC52BD22-D12A-4E82-886C-C775A1454BEE
MeshSmoothFeatures 🧪 -> https://help.autodesk.com/view/fusion360?guid=GUID-C69EDA98-B4B8-4147-ACC9-90FDE1839014
MFGDMDataEvent 🧪 -> https://help.autodesk.com/view/fusion360?guid=GUID-B022C85B-9FD7-45BF-BD29-53BDD3EF795E
MFGDMDataEventArgs 🧪 -> https://help.autodesk.com/view/fusion360?guid=GUID-A0AA7711-FE27-408A-85A5-C516013B9509
MFGDMDataEventHandler 🧪 -> https://help.autodesk.com/view/fusion360?guid=GUID-8D1CF53A-9869-4E87-8AD5-1F27FCA1E5E1
MidPointConstraint -> https://help.autodesk.com/view/fusion360?guid=GUID-188187fb-243a-4e62-b30b-1dfac451abc5
Milestone -> https://help.autodesk.com/view/fusion360?guid=GUID-ABF1A4BE-D3A1-4FFF-B5E8-83D6121972BD
Milestones -> https://help.autodesk.com/view/fusion360?guid=GUID-80CC12CB-140C-4EA3-839A-D9E8A521186B
MinimumRadiusAnalyses -> https://help.autodesk.com/view/fusion360?guid=GUID-34EC95A0-BC03-45B5-A51B-70BC779B6275
MinimumRadiusAnalysis -> https://help.autodesk.com/view/fusion360?guid=GUID-7D33A4F2-97E5-47E1-8757-93AE45DA56CC
MirrorFeature -> https://help.autodesk.com/view/fusion360?guid=GUID-9cfd0995-e4c6-4e1d-9f8f-7805593e04c6
MirrorFeatureInput -> https://help.autodesk.com/view/fusion360?guid=GUID-7b3bfcc4-052a-4a46-82c5-eb2bb81d210f
MirrorFeatures -> https://help.autodesk.com/view/fusion360?guid=GUID-e2fa227a-3c3c-4375-aeac-8557d4013178
ModelParameter -> https://help.autodesk.com/view/fusion360?guid=GUID-86e451c2-785f-4cdf-97c9-ecba4882c8d1
ModelParameters -> https://help.autodesk.com/view/fusion360?guid=GUID-22a06c0b-f759-4ee3-9b24-024b94e5b6c0
ModifyUtility -> https://help.autodesk.com/view/fusion360?guid=GUID-4120FE5D-4F54-4408-85BE-DBDEA84DCAB3
MouseEvent -> https://help.autodesk.com/view/fusion360?guid=GUID-22ecb961-b534-47ac-b2df-cf745e0e3ac1
MouseEventArgs -> https://help.autodesk.com/view/fusion360?guid=GUID-a8f311ac-e642-463a-96d4-778e6ae99cbd
MouseEventHandler -> https://help.autodesk.com/view/fusion360?guid=GUID-1455b44e-20ff-44a8-83ad-911f39b11aff
MoveFeature -> https://help.autodesk.com/view/fusion360?guid=GUID-3e28e5d9-0aaa-46fd-8a80-c118012d3168
MoveFeatureDefinition -> https://help.autodesk.com/view/fusion360?guid=GUID-D6C9CEB0-017C-4B77-9118-668F5C448448
MoveFeatureFreeMoveDefinition -> https://help.autodesk.com/view/fusion360?guid=GUID-0D4CC8F1-C20E-4F36-9142-C6DBC659CD1C
MoveFeatureInput -> https://help.autodesk.com/view/fusion360?guid=GUID-893252a7-013f-4ec5-bcc3-79e978b3d570
MoveFeaturePointToPointDefinition -> https://help.autodesk.com/view/fusion360?guid=GUID-26F7AE75-AF56-4677-AB5E-B1AAE095E8E9
MoveFeaturePointToPositionDefinition -> https://help.autodesk.com/view/fusion360?guid=GUID-09D5B096-ED78-4FD2-A8A5-E5A5A09BA0CE
MoveFeatureRotateDefinition -> https://help.autodesk.com/view/fusion360?guid=GUID-7955E166-DBA5-4719-AB4A-3BEBC4D8C20E
MoveFeatures -> https://help.autodesk.com/view/fusion360?guid=GUID-12b98475-8e53-4427-aa87-05f8c8095ad2
MoveFeatureTranslateAlongEntityDefinition -> https://help.autodesk.com/view/fusion360?guid=GUID-8C142E24-5567-424C-9330-331F34E5BFC4
MoveFeatureTranslateXYZDefinition -> https://help.autodesk.com/view/fusion360?guid=GUID-E6D43142-C723-498B-8A38-63DAF45394D3
MultiLineTextDefinition -> https://help.autodesk.com/view/fusion360?guid=GUID-3D03B99F-8E10-4FC0-8E46-CC5640A13C07
NamedValues -> https://help.autodesk.com/view/fusion360?guid=GUID-ff9acd45-3e34-48ad-8e66-e8b69e14b64b
NamedView -> https://help.autodesk.com/view/fusion360?guid=GUID-00972DEB-F8B7-44DC-B322-0D74FC9E38EC
NamedViews -> https://help.autodesk.com/view/fusion360?guid=GUID-757647F6-156E-4C05-A273-D49E4D55351A
NavigationEvent -> https://help.autodesk.com/view/fusion360?guid=GUID-C90389F9-6AEC-46CA-822A-9236842F5871
NavigationEventArgs -> https://help.autodesk.com/view/fusion360?guid=GUID-A13A6E8E-C630-4C6A-9C9A-1113C72DC234
NavigationEventHandler -> https://help.autodesk.com/view/fusion360?guid=GUID-0419BF6A-0975-4C4B-A965-CCFB5385E35C
NCProgram -> https://help.autodesk.com/view/fusion360?guid=GUID-F443168B-9060-4D73-A3DA-EB56BD974238
NCProgramInput -> https://help.autodesk.com/view/fusion360?guid=GUID-4588504B-5DA3-42D1-AB45-8CC2BD8CB7F1
NCProgramPostProcessOptions -> https://help.autodesk.com/view/fusion360?guid=GUID-854817A3-9B92-4BDB-B5FC-1A45370D6081
NCPrograms -> https://help.autodesk.com/view/fusion360?guid=GUID-A609EFAD-1574-4D2A-92A5-1998984CE4CA
NetworkPreferences -> https://help.autodesk.com/view/fusion360?guid=GUID-7c44ab5c-6aba-4bf8-abdb-2da5ab4e9d72
NurbsCurve2D -> https://help.autodesk.com/view/fusion360?guid=GUID-e6a6f526-4911-4482-9e76-770d0ee43fd3
NurbsCurve3D -> https://help.autodesk.com/view/fusion360?guid=GUID-de6fb48b-371f-49b6-80be-0ef62745404e
NurbsSurface -> https://help.autodesk.com/view/fusion360?guid=GUID-8942876b-f781-4e02-a42e-bcdf4b3f1058
ObjectCollection -> https://help.autodesk.com/view/fusion360?guid=GUID-ded8aff3-e42d-4354-9778-aa60172f788e
OBJExportOptions -> https://help.autodesk.com/view/fusion360?guid=GUID-09EC36A6-FEF0-4829-A27F-32DCC52A72E6
Occurrence -> https://help.autodesk.com/view/fusion360?guid=GUID-7cd5b52f-26bb-4890-9c37-2dc48213d685
OccurrenceList -> https://help.autodesk.com/view/fusion360?guid=GUID-6afa56a6-a922-4ef0-ac7e-53c9c3564015
Occurrences -> https://help.autodesk.com/view/fusion360?guid=GUID-de30e05e-32d6-4829-b491-4278d6ec06f0
OffsetConstraint -> https://help.autodesk.com/view/fusion360?guid=GUID-57917D49-4A47-4708-B7C2-465B7300F03E
OffsetConstraintInput -> https://help.autodesk.com/view/fusion360?guid=GUID-B82F687C-0D15-4091-85FD-591F961D9EAA
OffsetFacesFeature -> https://help.autodesk.com/view/fusion360?guid=GUID-5FF19D49-8553-4F36-9C7F-8199B2A71933
OffsetFacesFeatures -> https://help.autodesk.com/view/fusion360?guid=GUID-A16A1E99-19E5-44DB-B45D-5DD3D283749F
OffsetFeature -> https://help.autodesk.com/view/fusion360?guid=GUID-a57cbb3b-d2ef-4637-8863-19b790bada08
OffsetFeatureInput -> https://help.autodesk.com/view/fusion360?guid=GUID-87b22350-35c1-4aac-909b-545b483eb443
OffsetFeatures -> https://help.autodesk.com/view/fusion360?guid=GUID-7ead18a3-ca1e-4424-9a0b-7487286667c0
OffsetStartDefinition -> https://help.autodesk.com/view/fusion360?guid=GUID-89C7EE89-E48C-4131-A8BB-DCE1DE1E75B3
OnEdgeHolePositionDefinition -> https://help.autodesk.com/view/fusion360?guid=GUID-7f8a6030-4b76-4c3a-a03a-82cf6f5d2262
OneSideToExtentDefinition -> https://help.autodesk.com/view/fusion360?guid=GUID-8714e034-12de-4994-b55d-ec1349c57e64
Operation -> https://help.autodesk.com/view/fusion360?guid=GUID-C890D1C0-0E77-427A-AF99-1B96E418CD00
OperationBase -> https://help.autodesk.com/view/fusion360?guid=GUID-0DBC1065-4DD7-4441-B845-BFF9B756F707
OperationInput -> https://help.autodesk.com/view/fusion360?guid=GUID-48C6067E-CA4C-4F64-A9FB-3240C35C2B75
Operations -> https://help.autodesk.com/view/fusion360?guid=GUID-1F109F57-26A9-4442-A310-331F4DBDF6B8
OperationStrategy -> https://help.autodesk.com/view/fusion360?guid=GUID-24F84420-3F11-46D4-BA31-95252A70097B
OptimizedOrientationResult -> https://help.autodesk.com/view/fusion360?guid=GUID-4CB48FA8-ABB3-4356-ACF6-514FCA3D0949
OptimizedOrientationResults -> https://help.autodesk.com/view/fusion360?guid=GUID-40584AF0-3AFD-4185-A324-A6DD620FF4DB
OrientedBoundingBox3D -> https://help.autodesk.com/view/fusion360?guid=GUID-E662896C-7A3C-4C2E-A86F-18A22F74D2EE
Palette -> https://help.autodesk.com/view/fusion360?guid=GUID-F9998A83-E4E7-4EBF-946C-56EC9A37A609
Palettes -> https://help.autodesk.com/view/fusion360?guid=GUID-7E998C17-1AC8-47F4-B922-8F4481857FEA
ParallelConstraint -> https://help.autodesk.com/view/fusion360?guid=GUID-143c8460-4296-4e67-8a47-ee3ec3417170
Parameter -> https://help.autodesk.com/view/fusion360?guid=GUID-55297469-5aa5-4dd7-90ba-27483db7151a
ParameterList -> https://help.autodesk.com/view/fusion360?guid=GUID-9e0ef3c2-48b2-4565-a030-ebdc763676b2
ParameterValue -> https://help.autodesk.com/view/fusion360?guid=GUID-0BD74882-F563-4B71-885B-5C4C6D03C346
PatchFeature -> https://help.autodesk.com/view/fusion360?guid=GUID-81CDEC3D-DFED-4CDB-8FDE-3C377FD32600
PatchFeatureInput -> https://help.autodesk.com/view/fusion360?guid=GUID-2DF9786A-A0F8-4A66-9123-FAF48210FAB6
PatchFeatures -> https://help.autodesk.com/view/fusion360?guid=GUID-110F4701-53D7-4BC8-B2BE-7A7C18983D09
Path -> https://help.autodesk.com/view/fusion360?guid=GUID-3038e2cf-b69f-4b33-8644-1657b0b5fa60
PathEntity -> https://help.autodesk.com/view/fusion360?guid=GUID-3ca1dab6-b8d9-478e-871b-1df07a9a607a
PathPatternFeature -> https://help.autodesk.com/view/fusion360?guid=GUID-cd93263c-076c-4ccd-bbe4-8da13bb9eb04
PathPatternFeatureInput -> https://help.autodesk.com/view/fusion360?guid=GUID-fa157ec5-21d6-4de6-a3e2-f60a535fa678
PathPatternFeatures -> https://help.autodesk.com/view/fusion360?guid=GUID-57cea4a5-b4ac-4cbb-948b-be516f6488b9
PatternElement -> https://help.autodesk.com/view/fusion360?guid=GUID-3c714d7f-f7e0-4347-b771-7cfee3bcf25f
PatternElements -> https://help.autodesk.com/view/fusion360?guid=GUID-d236b4bf-23e8-4039-b093-4b3ff56843de
PDFExportOptions -> https://help.autodesk.com/view/fusion360?guid=GUID-F3453BDD-FBDA-4CC3-8A75-886B82D04964
PerpendicularConstraint -> https://help.autodesk.com/view/fusion360?guid=GUID-7eb489b1-009a-41af-b24a-fe60955deb3e
PerpendicularToSurfaceConstraint -> https://help.autodesk.com/view/fusion360?guid=GUID-BFEA4C95-AA47-441F-BFEF-5C839F1F6265
PersonalUseLimits -> https://help.autodesk.com/view/fusion360?guid=GUID-46BD166C-9141-48C5-B107-79B45F69762E
PhysicalProperties -> https://help.autodesk.com/view/fusion360?guid=GUID-534772A3-99BE-487F-A01E-20B5420CC93F
PinSlotJointMotion -> https://help.autodesk.com/view/fusion360?guid=GUID-2386a244-dd52-4598-95f9-cd55f34d8387
PipeFeature -> https://help.autodesk.com/view/fusion360?guid=GUID-FAC828B3-7E39-4E22-A191-47ADEFFD024F
PipeFeatureInput -> https://help.autodesk.com/view/fusion360?guid=GUID-0FEEA49A-8692-4FCB-BC63-1ACA3906C09B
PipeFeatures -> https://help.autodesk.com/view/fusion360?guid=GUID-6449ACAC-F731-4D10-8EC4-8477120B197F
PlanarJointMotion -> https://help.autodesk.com/view/fusion360?guid=GUID-45563774-f7fb-4d3c-8ea0-644d88d0f39f
Plane -> https://help.autodesk.com/view/fusion360?guid=GUID-19c651ca-e796-4b2d-a183-505a1268f1b5
PlaneAndOffsetsHolePositionDefinition -> https://help.autodesk.com/view/fusion360?guid=GUID-f4505541-ac14-4ab8-9b25-51573de1005b
PlasticRule -> https://help.autodesk.com/view/fusion360?guid=GUID-2854F394-18A4-4B44-AE2A-17804703F532
PlasticRules -> https://help.autodesk.com/view/fusion360?guid=GUID-7C32F95D-0225-482E-AB86-A437BB65D0C0
PlasticRuleValue -> https://help.autodesk.com/view/fusion360?guid=GUID-DA142F17-8D40-49FB-B60F-F22E25FAF127
PocketRecognitionSelection -> https://help.autodesk.com/view/fusion360?guid=GUID-E5F93809-742F-4275-A8E5-C7A0F90C5B5F
PocketSelection -> https://help.autodesk.com/view/fusion360?guid=GUID-E3E48FAD-FF0F-42B1-9C92-F04F32277AAD
Point2D -> https://help.autodesk.com/view/fusion360?guid=GUID-1e94fb2b-6b8a-43d3-a74c-f2f36a7c841b
Point3D -> https://help.autodesk.com/view/fusion360?guid=GUID-c49e1ed5-7221-49a4-abc9-81e7beb2e51d
PointHolePositionDefinition -> https://help.autodesk.com/view/fusion360?guid=GUID-d9c4f010-8e5b-429e-a5ec-238c0b1c584c
PolygonConstraint -> https://help.autodesk.com/view/fusion360?guid=GUID-CE3B4DAC-F896-4F34-8549-55B21A44F7F5
PolygonMesh -> https://help.autodesk.com/view/fusion360?guid=GUID-9d1f8c7d-8f3c-44f6-9999-906199fc99f6
Polyline2D -> https://help.autodesk.com/view/fusion360?guid=GUID-56550A88-BF1D-41AC-903C-28EB279B2F57
Polyline3D -> https://help.autodesk.com/view/fusion360?guid=GUID-676A74E4-2046-4729-94FE-3F84A012DA66
PostConfiguration -> https://help.autodesk.com/view/fusion360?guid=GUID-FBAFCF11-D353-4AC7-A376-310F0E1A040A
PostConfigurationQuery -> https://help.autodesk.com/view/fusion360?guid=GUID-2C374718-2DF8-4931-AF73-1B2F782C15FF
PostLibrary -> https://help.autodesk.com/view/fusion360?guid=GUID-3EE13254-CD32-4A49-AF2F-73EA4D60A987
PostProcessingMachineElement 🧪 -> https://help.autodesk.com/view/fusion360?guid=GUID-80B2DCFE-79F1-4C6F-8D77-7E348F9CC1AF
PostProcessInput -> https://help.autodesk.com/view/fusion360?guid=GUID-691F72FA-5DDF-4E9C-A2FF-941538902E7A
Preferences -> https://help.autodesk.com/view/fusion360?guid=GUID-d3218499-bf67-4e2a-a6af-3f3ec61b712f
PrintSetting -> https://help.autodesk.com/view/fusion360?guid=GUID-3B0CF5B1-2DFB-4736-BC2E-9708BBEBC274
PrintSettingItem -> https://help.autodesk.com/view/fusion360?guid=GUID-2F3CBC85-F1BC-4C7B-9732-7522E7DD2308
PrintSettingLibrary -> https://help.autodesk.com/view/fusion360?guid=GUID-F1725C92-5B56-4494-B0AE-FA0F5D9ED2F6
PrintSettingQuery -> https://help.autodesk.com/view/fusion360?guid=GUID-1B8185A3-31BA-4746-B17A-48EE2D5C97FA
Product -> https://help.autodesk.com/view/fusion360?guid=GUID-c1fb15c9-0117-4666-a8c3-2dd305f7f6ac
ProductPreferences -> https://help.autodesk.com/view/fusion360?guid=GUID-a9a1c01b-a84c-4365-ba32-3a1c6906129e
ProductPreferencesCollection -> https://help.autodesk.com/view/fusion360?guid=GUID-657fd9c7-ec86-4c3a-ac30-18e412773557
Products -> https://help.autodesk.com/view/fusion360?guid=GUID-489400a1-1d1e-4227-8f7f-2a6aa25c491e
ProductUsageData -> https://help.autodesk.com/view/fusion360?guid=GUID-675f8805-8624-48e1-8183-bb0d8b4dc436
Profile -> https://help.autodesk.com/view/fusion360?guid=GUID-c9979c8d-a239-4ced-a6d7-93db7ffdf712
ProfileCurve -> https://help.autodesk.com/view/fusion360?guid=GUID-54bd22a5-d6fa-4f05-8228-7b997e8a5986
ProfileCurves -> https://help.autodesk.com/view/fusion360?guid=GUID-1866a9f4-8b6a-41b0-a9e3-a25a14bb382a
ProfileLoop -> https://help.autodesk.com/view/fusion360?guid=GUID-73733750-470b-42d0-a208-f4e5884c3b10
ProfileLoops -> https://help.autodesk.com/view/fusion360?guid=GUID-95548e54-d986-43e4-868c-748e07b606b7
ProfilePlaneStartDefinition -> https://help.autodesk.com/view/fusion360?guid=GUID-093B03CB-C40A-48BC-B4A6-F97F518B36EB
Profiles -> https://help.autodesk.com/view/fusion360?guid=GUID-84ff5e47-53c8-405a-b687-6820d97fb138
ProgressBar -> https://help.autodesk.com/view/fusion360?guid=GUID-67AE6058-D6DE-4770-B360-AE6E9FACA2B1
ProgressDialog -> https://help.autodesk.com/view/fusion360?guid=GUID-53246AE4-1C1D-4464-8201-EE3EBA96B193
ProjectedTextureMapControl -> https://help.autodesk.com/view/fusion360?guid=GUID-ED82556A-CA19-40C0-AB2A-CFE69FD89BBE
Properties -> https://help.autodesk.com/view/fusion360?guid=GUID-9203a3d0-6da5-46b0-9620-7c5d36da7ba7
Property -> https://help.autodesk.com/view/fusion360?guid=GUID-db167e70-665f-4101-ba3c-3bcc88000fc7
PropertyGroup -> https://help.autodesk.com/view/fusion360?guid=GUID-EF0FA779-F9FE-42D9-908F-F7055993F8A8
PropertyGroups -> https://help.autodesk.com/view/fusion360?guid=GUID-2DF24A88-DA0A-47A1-8551-4EEC7FB9F951
RadialMarkingMenu -> https://help.autodesk.com/view/fusion360?guid=GUID-1A6EC269-B573-475B-89B5-EDCA14E4B9EB
RadioButtonGroupCommandInput -> https://help.autodesk.com/view/fusion360?guid=GUID-7a97eb37-ec8a-445c-a49b-497f2f02257e
RecognizedHole -> https://help.autodesk.com/view/fusion360?guid=GUID-4F4A85C7-1EB5-457C-BB94-AE6E8509EB4C
RecognizedHoleGroup -> https://help.autodesk.com/view/fusion360?guid=GUID-61942186-BBDE-4D28-BC5D-61596B2945B2
RecognizedHoleGroups -> https://help.autodesk.com/view/fusion360?guid=GUID-6768CE04-2C16-4DF3-AD95-A252EAC459A8
RecognizedHoles -> https://help.autodesk.com/view/fusion360?guid=GUID-C2360228-65B4-494A-BEB6-95C67244CC2F
RecognizedHoleSegment -> https://help.autodesk.com/view/fusion360?guid=GUID-91F7F8F7-6F54-48EB-B4AB-18914E0C8DBC
RecognizedHolesInput -> https://help.autodesk.com/view/fusion360?guid=GUID-AB01C356-F769-4CE7-8661-0E84AC438654
RecognizedPocket -> https://help.autodesk.com/view/fusion360?guid=GUID-2881BAD2-BC9F-4FEB-BEA2-C74820C75F41
RecognizedPockets -> https://help.autodesk.com/view/fusion360?guid=GUID-54650C21-715D-4637-8E66-61B904F3C860
RectangularPatternConstraint -> https://help.autodesk.com/view/fusion360?guid=GUID-A28C489D-7B28-495B-BEF4-D529CC7105B7
RectangularPatternConstraintInput -> https://help.autodesk.com/view/fusion360?guid=GUID-1B7AC79B-044E-41C3-A7DF-C12EAC99F73E
RectangularPatternFeature -> https://help.autodesk.com/view/fusion360?guid=GUID-f48c0d62-7450-43d7-8e20-60760596fc6a
RectangularPatternFeatureInput -> https://help.autodesk.com/view/fusion360?guid=GUID-d7cbaa31-5e55-4dff-ba8b-c8ce8aabeabd
RectangularPatternFeatures -> https://help.autodesk.com/view/fusion360?guid=GUID-b08bc162-825c-4083-8c2e-bd2f4ed56c6f
RefoldFeature -> https://help.autodesk.com/view/fusion360?guid=GUID-693611C3-0B63-4719-B478-A9392DCBDBC8
RefoldFeatures -> https://help.autodesk.com/view/fusion360?guid=GUID-25A96C39-7ED6-42C7-B46A-A7FE11BCE3B6
RemoveFeature -> https://help.autodesk.com/view/fusion360?guid=GUID-3E674E88-7E74-451D-AFCA-78CD8E098EF6
RemoveFeatures -> https://help.autodesk.com/view/fusion360?guid=GUID-DCE341F5-C561-43B3-8587-A644144AC784
RenderEnvironment -> https://help.autodesk.com/view/fusion360?guid=GUID-2E956F58-F9CA-4A26-B5D2-99246C146291
RenderEnvironments -> https://help.autodesk.com/view/fusion360?guid=GUID-A796A9BF-C8AC-4ED4-87DD-992A6DB93451
RenderEvent -> https://help.autodesk.com/view/fusion360?guid=GUID-8ED676A1-5928-4CF7-82B5-121DCB4A6A6F
RenderEventArgs -> https://help.autodesk.com/view/fusion360?guid=GUID-1A60A024-7594-4EC0-BF89-41285DF7BFD6
RenderEventHandler -> https://help.autodesk.com/view/fusion360?guid=GUID-1B1FACBA-4D5C-4657-9153-14B54ED861CA
RenderFuture -> https://help.autodesk.com/view/fusion360?guid=GUID-EE6AB493-C121-462E-B6A7-11DCF18CB3A1
Rendering -> https://help.autodesk.com/view/fusion360?guid=GUID-C2BC4600-5531-45A8-9FFE-8FCC8B7E70F9
RenderManager -> https://help.autodesk.com/view/fusion360?guid=GUID-60A98001-6018-4306-920D-F1E9907ED509
ReplaceFaceFeature -> https://help.autodesk.com/view/fusion360?guid=GUID-177134e1-4199-4abf-9ee2-d36c975401ab
ReplaceFaceFeatureInput -> https://help.autodesk.com/view/fusion360?guid=GUID-5513dc0b-7847-4152-9ead-73b3f24ed918
ReplaceFaceFeatures -> https://help.autodesk.com/view/fusion360?guid=GUID-dc84e517-8280-40c7-9f4e-c94a74b6d5f6
ReverseNormalFeature -> https://help.autodesk.com/view/fusion360?guid=GUID-4C2D16DD-0AD7-46F7-8CC1-8271666EAF37
ReverseNormalFeatures -> https://help.autodesk.com/view/fusion360?guid=GUID-224C9A9F-65B8-45BB-A091-92AFD5329B36
RevoluteJointMotion -> https://help.autodesk.com/view/fusion360?guid=GUID-1e134476-9b39-4a4c-8068-16d78989c4ce
RevolveFeature -> https://help.autodesk.com/view/fusion360?guid=GUID-89854f8a-e188-4b90-8bee-57d67c6957f3
RevolveFeatureInput -> https://help.autodesk.com/view/fusion360?guid=GUID-951b7e6e-d57e-4d74-a7d3-1b382bcd157f
RevolveFeatures -> https://help.autodesk.com/view/fusion360?guid=GUID-a5df0604-2238-4e26-a546-b745af152250
RibFeature -> https://help.autodesk.com/view/fusion360?guid=GUID-E6E0C4C7-8DB7-48F9-8D59-11D3313AF90A
RibFeatures -> https://help.autodesk.com/view/fusion360?guid=GUID-D51D50D7-EDBF-4958-A762-411022D075CB
RigidGroup -> https://help.autodesk.com/view/fusion360?guid=GUID-00DDF6F0-98FE-432B-BF79-C9569EBFAF68
RigidGroupList -> https://help.autodesk.com/view/fusion360?guid=GUID-7C06E1E3-A325-481E-B87C-B1E90A371866
RigidGroups -> https://help.autodesk.com/view/fusion360?guid=GUID-F3D7EC2A-68BF-4009-8B83-EC1D3E011709
RigidJointMotion -> https://help.autodesk.com/view/fusion360?guid=GUID-c9030650-ddcb-4504-9546-0890f18519cb
RipFeature -> https://help.autodesk.com/view/fusion360?guid=GUID-6C42CF5E-DF34-457D-9FE6-23F1F13132D6
RipFeatureDefinition -> https://help.autodesk.com/view/fusion360?guid=GUID-CA20A526-C0F2-4EE3-BE33-F29C21899763
RipFeatureInput -> https://help.autodesk.com/view/fusion360?guid=GUID-5EE5DA2C-F203-403A-A8AD-8DC65222E9DB
RipFeatures -> https://help.autodesk.com/view/fusion360?guid=GUID-1B94C16C-F786-434A-99E8-F9E60FFEAFD2
RotaryMachineAxis -> https://help.autodesk.com/view/fusion360?guid=GUID-D517E19D-884E-4B4E-8503-AF73E98306C7
RotaryMachineAxisConfiguration -> https://help.autodesk.com/view/fusion360?guid=GUID-10949F47-5058-47CB-9420-691298E68085
RotaryMachineAxisInput -> https://help.autodesk.com/view/fusion360?guid=GUID-BA11AB79-F6CA-4951-BFBF-9AD6783B59FB
RuledSurfaceFeature -> https://help.autodesk.com/view/fusion360?guid=GUID-E59165A7-B034-4592-8CC3-5767752C3889
RuledSurfaceFeatureInput -> https://help.autodesk.com/view/fusion360?guid=GUID-EC5ECDDB-BDD4-409B-8045-72173063C3A5
RuledSurfaceFeatures -> https://help.autodesk.com/view/fusion360?guid=GUID-26F29229-BE01-48C1-A5FD-35A2820A67AE
RuleFilletFeature -> https://help.autodesk.com/view/fusion360?guid=GUID-9826EB46-D6D8-4A8C-865D-0C1DFE27616A
RuleFilletFeatures -> https://help.autodesk.com/view/fusion360?guid=GUID-EE3CDC99-E91A-4EFF-BE0A-2898C44BD473
SATExportOptions -> https://help.autodesk.com/view/fusion360?guid=GUID-8919b70f-f7ed-41d4-8f4f-e9fab4a502d4
SATImportOptions -> https://help.autodesk.com/view/fusion360?guid=GUID-D08B25E7-8A1B-4AEC-9DAC-8467476B198E
SaveImageFileOptions -> https://help.autodesk.com/view/fusion360?guid=GUID-1422E58D-6A75-40E9-914C-70F79788A25F
ScalarControlPoint 🧪 -> https://help.autodesk.com/view/fusion360?guid=GUID-5EBB3D6D-E0F9-429D-A50A-A4980E6FA305
ScalarControlPointMapGraphNodeProperty 🧪 -> https://help.autodesk.com/view/fusion360?guid=GUID-5E531866-4803-4A66-BAB2-400D7C8FE859
ScalarGraphNodeProperty 🧪 -> https://help.autodesk.com/view/fusion360?guid=GUID-C3004AF7-CCE1-4B57-B704-2B06AB2AA1B0
ScaleFeature -> https://help.autodesk.com/view/fusion360?guid=GUID-9dc0a1a3-c9aa-4483-9a39-ad35ce99db5c
ScaleFeatureInput -> https://help.autodesk.com/view/fusion360?guid=GUID-dc6ee12e-4925-43d2-95da-82778161fbba
ScaleFeatures -> https://help.autodesk.com/view/fusion360?guid=GUID-ff854233-fbe9-4a2e-beb2-d6ad3421b4e3
SceneSettings -> https://help.autodesk.com/view/fusion360?guid=GUID-1DDEAD33-24AF-409C-8568-20589DA2E114
Script -> https://help.autodesk.com/view/fusion360?guid=GUID-6CE79190-488B-40F7-8E2B-44784588E048
ScriptInput -> https://help.autodesk.com/view/fusion360?guid=GUID-B08B1644-EF84-464B-850D-3315B965C2EB
Scripts -> https://help.autodesk.com/view/fusion360?guid=GUID-D6F04A0D-188C-4866-BB01-383E1B34A240
SectionAnalyses -> https://help.autodesk.com/view/fusion360?guid=GUID-43BD325D-929F-4B56-A66B-300BDD3577DB
SectionAnalysis -> https://help.autodesk.com/view/fusion360?guid=GUID-3CE121EE-1D86-47A3-B05F-6562F72B53B2
SectionAnalysisInput -> https://help.autodesk.com/view/fusion360?guid=GUID-C9762F1E-A314-4718-BC3C-11C6727AB712
Selection -> https://help.autodesk.com/view/fusion360?guid=GUID-449190dd-d155-4673-bb2e-9806d742d5b8
SelectionCommandInput -> https://help.autodesk.com/view/fusion360?guid=GUID-568db63a-0f28-4307-9e02-e29f54820db1
SelectionEvent -> https://help.autodesk.com/view/fusion360?guid=GUID-0241fbdd-7b09-48e7-9ab8-a631c0c8b329
SelectionEventArgs -> https://help.autodesk.com/view/fusion360?guid=GUID-54f5fa67-3da9-49ee-9b1f-2e021a9fa66c
SelectionEventHandler -> https://help.autodesk.com/view/fusion360?guid=GUID-d77c2884-cb1c-4edd-be88-162fd45071b1
SelectionFilters -> https://help.autodesk.com/view/fusion360?guid=GUID-DEC09FB4-A5EA-469C-A46D-AA4058623CD3
Selections -> https://help.autodesk.com/view/fusion360?guid=GUID-db483f90-ee0f-46c3-b73b-6007ddc55c3f
SelectionSet -> https://help.autodesk.com/view/fusion360?guid=GUID-64E0A1BE-E2B1-4DD7-83F1-313257BFCA27
SelectionSets -> https://help.autodesk.com/view/fusion360?guid=GUID-70CB3BFE-15C4-422A-A37D-F2FBF7C18905
SeparatorCommandInput -> https://help.autodesk.com/view/fusion360?guid=GUID-C6E4E9DD-EFCB-4549-8EC2-58359D676395
SeparatorControl -> https://help.autodesk.com/view/fusion360?guid=GUID-7656866a-8411-4ac6-8efe-7db9474a1cd6
Setup -> https://help.autodesk.com/view/fusion360?guid=GUID-960B1B56-1D05-4517-9663-8C19B21E31B3
SetupChangeEvent -> https://help.autodesk.com/view/fusion360?guid=GUID-629C3310-089A-4376-B32F-85C111F1DEC6
SetupChangeEventArgs -> https://help.autodesk.com/view/fusion360?guid=GUID-EB0EF086-1E22-4E2D-9424-76F8FF7036C3
SetupChangeEventHandler -> https://help.autodesk.com/view/fusion360?guid=GUID-411750B8-300F-4D68-8894-53D371E59222
SetupEvent -> https://help.autodesk.com/view/fusion360?guid=GUID-9269EE70-D9B2-46EA-95B2-E0FDAD0DB67A
SetupEventArgs -> https://help.autodesk.com/view/fusion360?guid=GUID-AF57CE82-DFBE-4A9D-8707-C77BC8CFB1C2
SetupEventHandler -> https://help.autodesk.com/view/fusion360?guid=GUID-C8FFDEA2-664F-493C-A909-AD5DA176BAC9
SetupInput -> https://help.autodesk.com/view/fusion360?guid=GUID-D1FC72E9-7EC8-4DC7-BC87-F745BE4D6D31
Setups -> https://help.autodesk.com/view/fusion360?guid=GUID-2E6403A0-736C-4C3C-9BB4-13FF6E1D6525
SetupVisibilityManager -> https://help.autodesk.com/view/fusion360?guid=GUID-5DFC6454-D6D5-4D19-94E4-E494B3A71062
SharedLink -> https://help.autodesk.com/view/fusion360?guid=GUID-701DB12C-9DFB-4FF5-804B-96E5F37634DD
SharedPointCoincident -> https://help.autodesk.com/view/fusion360?guid=GUID-58BC1E37-7F26-4727-8E4B-9D6E7693BA48
SheetMetalRule -> https://help.autodesk.com/view/fusion360?guid=GUID-D89344FC-AB4D-435D-889A-7EFB6E9C22C2
SheetMetalRules -> https://help.autodesk.com/view/fusion360?guid=GUID-BFE11BED-D717-415F-B401-3F0769F7673E
SheetMetalRuleValue -> https://help.autodesk.com/view/fusion360?guid=GUID-453DE8B0-63A2-48E2-A250-BE77EBEFD08C
ShellFeature -> https://help.autodesk.com/view/fusion360?guid=GUID-44cd7a74-34da-44ff-b0b7-bc301dcb14ce
ShellFeatureInput -> https://help.autodesk.com/view/fusion360?guid=GUID-050a4292-e662-4413-9cf9-4addb29a2661
ShellFeatures -> https://help.autodesk.com/view/fusion360?guid=GUID-e9697335-3dc0-4b20-8d7d-870009635bf3
SilhouetteSelection -> https://help.autodesk.com/view/fusion360?guid=GUID-F154D282-1847-47B4-B80D-73FC73926044
SilhouetteSplitFeature -> https://help.autodesk.com/view/fusion360?guid=GUID-72fb5793-07e9-4bdd-9f8c-c365d2f41624
SilhouetteSplitFeatureInput -> https://help.autodesk.com/view/fusion360?guid=GUID-36891405-6ee4-40e3-b5d0-365faf671560
SilhouetteSplitFeatures -> https://help.autodesk.com/view/fusion360?guid=GUID-5549ee0e-f62a-4609-84da-f76bdbec72ce
Sketch -> https://help.autodesk.com/view/fusion360?guid=GUID-2367ed6a-0ad1-4c8f-935e-b52738d1ce2b
SketchAngularDimension -> https://help.autodesk.com/view/fusion360?guid=GUID-c82a385c-32ac-46f8-8ac5-a358480d9b28
SketchArc -> https://help.autodesk.com/view/fusion360?guid=GUID-696bbb60-1e85-4825-a83b-0828a941c7f1
SketchArcs -> https://help.autodesk.com/view/fusion360?guid=GUID-3e13ae2f-809a-4431-bd5f-3df4c12ce333
SketchCircle -> https://help.autodesk.com/view/fusion360?guid=GUID-f19ed86c-4c9f-45a2-a5bb-03403c2962fa
SketchCircles -> https://help.autodesk.com/view/fusion360?guid=GUID-15d12c6c-e604-488a-8f62-8fa1547c653c
SketchConcentricCircleDimension -> https://help.autodesk.com/view/fusion360?guid=GUID-ba11a099-3853-4120-a75d-a63d39016961
SketchConicCurve -> https://help.autodesk.com/view/fusion360?guid=GUID-4e7d204a-d428-409e-bd86-39adda902b4b
SketchConicCurves -> https://help.autodesk.com/view/fusion360?guid=GUID-90bb7d41-0481-4133-b93e-12575e4c9c43
SketchControlPointSpline -> https://help.autodesk.com/view/fusion360?guid=GUID-0DCEF2AA-45AF-4A65-B2F8-00EAADC6343D
SketchControlPointSplines -> https://help.autodesk.com/view/fusion360?guid=GUID-DF302F22-F009-4416-A3AA-EE96E84D0CFC
SketchCurve -> https://help.autodesk.com/view/fusion360?guid=GUID-abb8b507-00ee-4867-9fdb-6aa9b1cc2921
SketchCurves -> https://help.autodesk.com/view/fusion360?guid=GUID-d921bf2d-6de1-4973-a58d-c437ed3cd080
SketchDiameterDimension -> https://help.autodesk.com/view/fusion360?guid=GUID-36f0d390-1024-4c75-b620-056d8957e7a9
SketchDimension -> https://help.autodesk.com/view/fusion360?guid=GUID-0da748fd-87c0-481a-b180-dff2cb043fa6
SketchDimensionList -> https://help.autodesk.com/view/fusion360?guid=GUID-44197fe1-f5f8-4023-bd53-973d97a2ff13
SketchDimensions -> https://help.autodesk.com/view/fusion360?guid=GUID-ea0faa88-65eb-4845-b2ce-22d0640bedf4
SketchDistanceBetweenLineAndPlanarSurfaceDimension -> https://help.autodesk.com/view/fusion360?guid=GUID-41D983FB-750B-450F-9AD5-D88BF63DF570
SketchDistanceBetweenPointAndSurfaceDimension -> https://help.autodesk.com/view/fusion360?guid=GUID-125F3326-4DE9-4FB0-A114-18AF967EF0EA
SketchEllipse -> https://help.autodesk.com/view/fusion360?guid=GUID-46c92666-11be-43ad-a6ab-a832ebd512d9
SketchEllipseMajorRadiusDimension -> https://help.autodesk.com/view/fusion360?guid=GUID-1d32b7ad-0c3e-4e9a-bcda-37c9127b2a94
SketchEllipseMinorRadiusDimension -> https://help.autodesk.com/view/fusion360?guid=GUID-de36a5fb-2717-4365-9531-e70c6a092722
SketchEllipses -> https://help.autodesk.com/view/fusion360?guid=GUID-10195487-0981-4ca1-913f-aea7809fcd6c
SketchEllipticalArc -> https://help.autodesk.com/view/fusion360?guid=GUID-9b631cec-c19b-4d32-b62e-e01cf0040a3d
SketchEllipticalArcs -> https://help.autodesk.com/view/fusion360?guid=GUID-c136fbd1-592e-4dc3-8a96-4d8454fd174e
SketchEntity -> https://help.autodesk.com/view/fusion360?guid=GUID-3cedce7f-18f9-4d42-a516-cd9f185d6f47
SketchEntityList -> https://help.autodesk.com/view/fusion360?guid=GUID-d19cd80c-0a72-4d8d-9097-570895f3142a
Sketches -> https://help.autodesk.com/view/fusion360?guid=GUID-c382a966-00a6-49bf-82bd-9a997e212108
SketchFittedSpline -> https://help.autodesk.com/view/fusion360?guid=GUID-a8720866-559c-40d9-b2a9-3c87ca0340bd
SketchFittedSplines -> https://help.autodesk.com/view/fusion360?guid=GUID-05837f60-6f64-4b58-8dac-3772dae558cc
SketchFixedSpline -> https://help.autodesk.com/view/fusion360?guid=GUID-6fc8b90c-e04a-4f4f-ac0d-f511e7237a77
SketchFixedSplines -> https://help.autodesk.com/view/fusion360?guid=GUID-4a86a041-3d98-4984-8563-beebae4be99b
SketchLine -> https://help.autodesk.com/view/fusion360?guid=GUID-bae6c34a-0ceb-4519-aed8-46b64dcba534
SketchLinearDiameterDimension -> https://help.autodesk.com/view/fusion360?guid=GUID-7591E255-0522-4307-8101-713CFCF3C351
SketchLinearDimension -> https://help.autodesk.com/view/fusion360?guid=GUID-eeb519e4-1ca7-4817-a227-05456a4af828
SketchLineList -> https://help.autodesk.com/view/fusion360?guid=GUID-04e2d6e8-8856-4d38-9e67-3e3e20a30c55
SketchLines -> https://help.autodesk.com/view/fusion360?guid=GUID-283db855-7ca1-4b44-9c59-588a5ff85ee4
SketchOffsetCurvesDimension -> https://help.autodesk.com/view/fusion360?guid=GUID-82FABB66-8931-4663-B273-44CC9532335E
SketchOffsetDimension -> https://help.autodesk.com/view/fusion360?guid=GUID-f00befc3-64a5-4788-950f-1ac516c015b3
SketchPoint -> https://help.autodesk.com/view/fusion360?guid=GUID-7c577d59-3345-408e-b6b3-1d908064d026
SketchPointHolePositionDefinition -> https://help.autodesk.com/view/fusion360?guid=GUID-1eb120de-e390-45d7-946d-f76fe92ca0f4
SketchPointList -> https://help.autodesk.com/view/fusion360?guid=GUID-5a5adbe7-4fbd-447e-85bb-0cef16b9d6c2
SketchPoints -> https://help.autodesk.com/view/fusion360?guid=GUID-b622cae5-be73-44e4-8f84-4a517c70b485
SketchPointsBossPositionDefinition -> https://help.autodesk.com/view/fusion360?guid=GUID-5EF8801D-8A90-4A66-AF69-84FFE8BB0EDF
SketchPointsHolePositionDefinition -> https://help.autodesk.com/view/fusion360?guid=GUID-F3351F2D-430F-4304-8B55-195306F610D1
SketchRadialDimension -> https://help.autodesk.com/view/fusion360?guid=GUID-c49d58bc-9091-4291-a034-a96ad69838b3
SketchSelection -> https://help.autodesk.com/view/fusion360?guid=GUID-9D715CB1-F48F-4D26-8269-C92FABAA5933
SketchTangentDistanceDimension -> https://help.autodesk.com/view/fusion360?guid=GUID-3828F952-EE2F-41D1-968D-09D8D44C7E0E
SketchText -> https://help.autodesk.com/view/fusion360?guid=GUID-265d4bb3-2e68-4edf-bd57-bb4d4204beb0
SketchTextDefinition -> https://help.autodesk.com/view/fusion360?guid=GUID-844DAA9E-8C9F-4C6B-8A06-0D894B3DACF4
SketchTextInput -> https://help.autodesk.com/view/fusion360?guid=GUID-2d5e8e39-8fd9-4c00-b5fb-264e3d4d0615
SketchTexts -> https://help.autodesk.com/view/fusion360?guid=GUID-145bd2da-32af-438f-a3ec-b9da9292af31
SliderCommandInput -> https://help.autodesk.com/view/fusion360?guid=GUID-e62464df-2b96-4fbf-89a2-f0a209eb0b05
SliderJointMotion -> https://help.autodesk.com/view/fusion360?guid=GUID-d65d7910-a3af-4294-83b2-4fe8172da5ca
SmoothConstraint -> https://help.autodesk.com/view/fusion360?guid=GUID-5ffb00c4-7592-487e-8b61-b4ce64d6b3fc
SMTExportOptions -> https://help.autodesk.com/view/fusion360?guid=GUID-10e88109-96da-42e0-b87a-c8fe40ec133c
SMTImportOptions -> https://help.autodesk.com/view/fusion360?guid=GUID-67B899AC-290B-444A-9ECB-72432F50D752
Snapshot -> https://help.autodesk.com/view/fusion360?guid=GUID-4b7a7b70-7058-48ab-a35c-15b9e3343970
Snapshots -> https://help.autodesk.com/view/fusion360?guid=GUID-a7f5945f-d2c8-4ebb-a3a3-78722e754c01
Sphere -> https://help.autodesk.com/view/fusion360?guid=GUID-280d7ce2-4806-4118-81ca-b80a0bc198c5
SphereFeature -> https://help.autodesk.com/view/fusion360?guid=GUID-1F39F421-BCCD-47B0-BF2F-91E15CFD76AA
SphereFeatures -> https://help.autodesk.com/view/fusion360?guid=GUID-F173825C-5B56-40F3-A006-73672506C633
SplitBodyFeature -> https://help.autodesk.com/view/fusion360?guid=GUID-356556a7-cbdf-48ab-9ecf-5348a357cf37
SplitBodyFeatureInput -> https://help.autodesk.com/view/fusion360?guid=GUID-f08c0996-ab34-47f4-acda-04540f3016f6
SplitBodyFeatures -> https://help.autodesk.com/view/fusion360?guid=GUID-14ee52ec-0d99-45b9-8d9e-f1cf8e9d4371
SplitButtonControl -> https://help.autodesk.com/view/fusion360?guid=GUID-717b6ac8-6e27-4246-ab55-b00c239b32f0
SplitFaceFeature -> https://help.autodesk.com/view/fusion360?guid=GUID-42dfbda1-eac3-414c-b847-19cc4b3bb069
SplitFaceFeatureInput -> https://help.autodesk.com/view/fusion360?guid=GUID-352dfef5-2587-48c6-aa98-a6b6ab48f9c1
SplitFaceFeatures -> https://help.autodesk.com/view/fusion360?guid=GUID-0ed65384-fcd3-4f78-bde5-6071d06d9963
SpunProfileInput -> https://help.autodesk.com/view/fusion360?guid=GUID-B904F290-0884-4393-B2A7-7739DCA2C64A
Status -> https://help.autodesk.com/view/fusion360?guid=GUID-2084A7B4-F5F6-4500-9012-DC1AF5197529
StatusMessage -> https://help.autodesk.com/view/fusion360?guid=GUID-05E94043-6DA6-4AC2-9DB3-F4C35E603F94
StatusMessages -> https://help.autodesk.com/view/fusion360?guid=GUID-8F1AA4D3-4926-47A1-8FFF-196065831216
STEPExportOptions -> https://help.autodesk.com/view/fusion360?guid=GUID-50a2271d-00f9-4580-8c3e-c0566166aef1
STEPImportOptions -> https://help.autodesk.com/view/fusion360?guid=GUID-B0F586C8-0549-4D8F-A085-9740ED171714
StitchFeature -> https://help.autodesk.com/view/fusion360?guid=GUID-ba6e5fd9-e823-434f-bd97-49c565e89d16
StitchFeatureInput -> https://help.autodesk.com/view/fusion360?guid=GUID-69e5b3fa-e3c2-4a44-ae4b-0b48f2ebc918
StitchFeatures -> https://help.autodesk.com/view/fusion360?guid=GUID-eabd74f6-6996-4f5b-9717-0dbad269d456
STLExportOptions -> https://help.autodesk.com/view/fusion360?guid=GUID-64f3e0ab-f3bc-445e-9505-7dba9d296ebd
StockMaterial 🧪 -> https://help.autodesk.com/view/fusion360?guid=GUID-4AF17632-5547-47AF-BE20-D4CE7518C85A
StockMaterialLibrary 🧪 -> https://help.autodesk.com/view/fusion360?guid=GUID-F545554B-CEC9-4003-9A48-5038395AD4A0
StringGraphNodeProperty 🧪 -> https://help.autodesk.com/view/fusion360?guid=GUID-7A7F87FE-4E44-44BB-A7DA-51E9C27E8372
StringParameterValue -> https://help.autodesk.com/view/fusion360?guid=GUID-5BC2E908-A075-405B-9C8F-06A7758FFCCE
StringProperty -> https://help.autodesk.com/view/fusion360?guid=GUID-bff4a173-2b8f-4998-9dd2-180efd4c0b8d
StringValueCommandInput -> https://help.autodesk.com/view/fusion360?guid=GUID-b3aef61b-20d5-48a1-b717-4e7693a1c945
Surface -> https://help.autodesk.com/view/fusion360?guid=GUID-598eb817-a481-4dd4-867e-6dda596351e8
SurfaceDeleteFaceFeature -> https://help.autodesk.com/view/fusion360?guid=GUID-F05EA8BF-90E8-47D3-91C2-933A80BE3B9F
SurfaceDeleteFaceFeatures -> https://help.autodesk.com/view/fusion360?guid=GUID-03CE48C0-DC56-4D71-827B-5729C841ABB3
SurfaceEvaluator -> https://help.autodesk.com/view/fusion360?guid=GUID-31dad9b2-ee1d-4216-8100-09ea44f9967a
SVGImportOptions -> https://help.autodesk.com/view/fusion360?guid=GUID-98143036-DA66-4B64-A69C-3F11DDE7CAA1
SweepFeature -> https://help.autodesk.com/view/fusion360?guid=GUID-b6d891ad-56d9-4650-96d2-a1a2573824fe
SweepFeatureInput -> https://help.autodesk.com/view/fusion360?guid=GUID-c0916661-670d-4438-880e-283282d95992
SweepFeatures -> https://help.autodesk.com/view/fusion360?guid=GUID-41a26dd6-5e03-4db3-8483-dcf3b0632c78
SymmetricExtentDefinition -> https://help.autodesk.com/view/fusion360?guid=GUID-EF68A3F4-F71B-4F88-8A1B-02A41AC06F41
SymmetryConstraint -> https://help.autodesk.com/view/fusion360?guid=GUID-df296fa8-b8bb-4567-8c1a-aca06b82685b
TabCommandInput -> https://help.autodesk.com/view/fusion360?guid=GUID-a5f473ea-6eaf-4dfc-a001-4c35f233b851
TableCommandInput -> https://help.autodesk.com/view/fusion360?guid=GUID-C3F746B3-6488-4B74-A441-31AFDEFD1648
TangentConstraint -> https://help.autodesk.com/view/fusion360?guid=GUID-bf6bcf73-96b5-436a-b6b1-9d5d5a00c445
TangentRelationship -> https://help.autodesk.com/view/fusion360?guid=GUID-41A2F719-F1F8-4C5E-99E9-6FEB965D9C78
TangentRelationshipInput -> https://help.autodesk.com/view/fusion360?guid=GUID-5E9E3878-6EA5-408A-8936-5947123DFDDA
TangentRelationships -> https://help.autodesk.com/view/fusion360?guid=GUID-7DB4E53C-3A6E-4926-8F4F-A98DD077E48A
TemporaryBRepManager -> https://help.autodesk.com/view/fusion360?guid=GUID-2CA08FA9-8C23-4449-87C4-1CCBA87941C1
TessellateFeature 🧪 -> https://help.autodesk.com/view/fusion360?guid=GUID-9106DDE8-D256-4E7A-974E-B1CF5E45240C
TessellateFeatureInput 🧪 -> https://help.autodesk.com/view/fusion360?guid=GUID-E2A50472-279D-4F2D-9A70-657CB3A06421
TessellateFeatures 🧪 -> https://help.autodesk.com/view/fusion360?guid=GUID-6138AD5F-02D1-4377-BDF7-DF67285DC22F
TextBoxCommandInput -> https://help.autodesk.com/view/fusion360?guid=GUID-a10df443-c843-4733-9111-6332f9410db2
TextCommandPalette -> https://help.autodesk.com/view/fusion360?guid=GUID-022FA7D0-CF23-493F-8C80-FBACB1A7E590
TextureMapControl -> https://help.autodesk.com/view/fusion360?guid=GUID-6BC29688-372B-4E28-BF8C-A57E9A33A34D
TextureMapControl3D -> https://help.autodesk.com/view/fusion360?guid=GUID-E0FE4CE2-D2E0-4E9D-A52A-CE3DF8201BED
ThickenFeature -> https://help.autodesk.com/view/fusion360?guid=GUID-d3ad9d5e-62bf-4210-9d00-99af8c425288
ThickenFeatureInput -> https://help.autodesk.com/view/fusion360?guid=GUID-5aca6439-dc3f-4ad2-8621-69f2c27a08b5
ThickenFeatures -> https://help.autodesk.com/view/fusion360?guid=GUID-1ccc7434-23f7-492a-ace0-6e7dbecf2850
ThreadDataQuery -> https://help.autodesk.com/view/fusion360?guid=GUID-ecff3130-855e-4a41-9543-036ec5faab94
ThreadFeature -> https://help.autodesk.com/view/fusion360?guid=GUID-562e38be-3fb6-4d4b-9832-5a024fa069fc
ThreadFeatureInput -> https://help.autodesk.com/view/fusion360?guid=GUID-7bb59f93-3394-4296-af8c-3c6811e74f29
ThreadFeatures -> https://help.autodesk.com/view/fusion360?guid=GUID-8b5015c1-8558-4311-bf76-b401a3ba6581
ThreadInfo -> https://help.autodesk.com/view/fusion360?guid=GUID-8283090f-20f4-4853-865c-883e22bf9b7e
ThroughAllExtentDefinition -> https://help.autodesk.com/view/fusion360?guid=GUID-6DDCCEE7-87B1-4DD0-85BC-20A568863D19
Timeline -> https://help.autodesk.com/view/fusion360?guid=GUID-9d25e8b0-926d-4183-ab46-42f2045242ff
TimelineGroup -> https://help.autodesk.com/view/fusion360?guid=GUID-7b9f1f72-ec07-4dd4-8725-93421aa6b9b4
TimelineGroups -> https://help.autodesk.com/view/fusion360?guid=GUID-3176d6cb-e02c-454e-a876-9713f4fee222
TimelineObject -> https://help.autodesk.com/view/fusion360?guid=GUID-c032ce7b-96f7-4af6-8679-e0862063f987
ToEntityExtentDefinition -> https://help.autodesk.com/view/fusion360?guid=GUID-C7FD66B1-EB4F-4349-8846-8BA3B40499F1
Tool -> https://help.autodesk.com/view/fusion360?guid=GUID-E39EC71E-3BC5-42C7-AD62-663225EB8253
Toolbar -> https://help.autodesk.com/view/fusion360?guid=GUID-065bceb3-eb13-4f4f-9ed1-1ba843e51f5c
ToolbarControl -> https://help.autodesk.com/view/fusion360?guid=GUID-b7de7345-5ada-4ed7-a336-aec3ae0caa44
ToolbarControlList -> https://help.autodesk.com/view/fusion360?guid=GUID-7908e4cd-7fdf-4230-86b5-355457820c4b
ToolbarControls -> https://help.autodesk.com/view/fusion360?guid=GUID-df24e158-40e0-4aed-9990-97c470935dbb
ToolbarPanel -> https://help.autodesk.com/view/fusion360?guid=GUID-0ca48ac9-da95-4623-bf87-150f3729717a
ToolbarPanelList -> https://help.autodesk.com/view/fusion360?guid=GUID-c203d641-03dd-423a-a201-680930269bba
ToolbarPanels -> https://help.autodesk.com/view/fusion360?guid=GUID-165e8619-babe-4448-a79b-ff7d5dfac8aa
Toolbars -> https://help.autodesk.com/view/fusion360?guid=GUID-dd7b6c2a-b6b9-4566-9884-514a9e693caf
ToolbarTab -> https://help.autodesk.com/view/fusion360?guid=GUID-7AF58337-178C-467C-831F-285B0FB02D56
ToolbarTabList -> https://help.autodesk.com/view/fusion360?guid=GUID-22F08E7C-E43B-4426-958B-52144E5E6B78
ToolbarTabs -> https://help.autodesk.com/view/fusion360?guid=GUID-162E82B5-20D6-4324-8ADB-83EBBAB42461
ToolLibraries -> https://help.autodesk.com/view/fusion360?guid=GUID-9229F484-5BA4-43A6-829D-73A264D85FC1
ToolLibrary -> https://help.autodesk.com/view/fusion360?guid=GUID-1C9482B1-CEAA-4D48-83ED-DDA9637372D2
ToolPreset -> https://help.autodesk.com/view/fusion360?guid=GUID-00602173-0BAE-46CF-9756-EE8EA979E55F
ToolPresets -> https://help.autodesk.com/view/fusion360?guid=GUID-5C1DAB4A-A333-44C3-9B28-474BBB4E6AF2
ToolQuery -> https://help.autodesk.com/view/fusion360?guid=GUID-FA839F5C-09FB-4E3F-A277-9ED88E5D15EB
ToolQueryResult -> https://help.autodesk.com/view/fusion360?guid=GUID-BCAB5C45-FD95-4438-A967-FDA20C5BF26E
Torus -> https://help.autodesk.com/view/fusion360?guid=GUID-6dd8abe8-ef9d-4d68-aa5e-38daba0ed918
TorusFeature -> https://help.autodesk.com/view/fusion360?guid=GUID-90F7BA89-0A44-4D8F-95D8-E1182561E792
TorusFeatures -> https://help.autodesk.com/view/fusion360?guid=GUID-5D86C462-6733-4101-A45F-4D0ABD1FCE7B
TransformRefGraphNodeProperty 🧪 -> https://help.autodesk.com/view/fusion360?guid=GUID-BDEBCC23-5573-4755-982A-00FF525419C2
TriadCommandInput -> https://help.autodesk.com/view/fusion360?guid=GUID-A2DC02EE-2592-4139-AB1C-178F7D25A30D
TriangleMesh -> https://help.autodesk.com/view/fusion360?guid=GUID-d5d12829-8431-4588-9c7f-045fa6cd611c
TriangleMeshCalculator -> https://help.autodesk.com/view/fusion360?guid=GUID-ea9d98b8-329a-4b14-8fe3-e6d98458e72c
TriangleMeshList -> https://help.autodesk.com/view/fusion360?guid=GUID-f6d955b8-d673-4e46-a4fc-5b4cc539d71a
TrimFeature -> https://help.autodesk.com/view/fusion360?guid=GUID-445820ea-f3b8-406a-983f-8ddeb66f0eb4
TrimFeatureInput -> https://help.autodesk.com/view/fusion360?guid=GUID-b2b653f7-162f-40db-b0a0-4c7b7e0ee2e7
TrimFeatures -> https://help.autodesk.com/view/fusion360?guid=GUID-434d4a83-c88e-4420-9292-47c416450ce7
TSplineBodies -> https://help.autodesk.com/view/fusion360?guid=GUID-6fde80be-0d6e-43f7-a1a7-af86931f1ced
TSplineBody -> https://help.autodesk.com/view/fusion360?guid=GUID-0CF3A2FB-D4D8-4731-9C9E-E33273DD2980
TwoDistancesChamferEdgeSet -> https://help.autodesk.com/view/fusion360?guid=GUID-B1C1E79F-F5B4-4FFC-95F8-1F93B578B470
TwoDistancesChamferTypeDefinition -> https://help.autodesk.com/view/fusion360?guid=GUID-78c16844-dfc4-4e26-90c3-3bbc063d72bf
TwoSidesAngleExtentDefinition -> https://help.autodesk.com/view/fusion360?guid=GUID-c4378910-684b-49e5-8fbc-670cc673b996
TwoSidesDistanceExtentDefinition -> https://help.autodesk.com/view/fusion360?guid=GUID-9a331c1f-e43d-4f78-9c1e-01dc0da9f8df
TwoSidesToExtentDefinition -> https://help.autodesk.com/view/fusion360?guid=GUID-4ebe574b-d278-44aa-a744-7589fe24f570
UnfoldFeature -> https://help.autodesk.com/view/fusion360?guid=GUID-D54E977F-2F6D-4364-B547-3756DBA94AAC
UnfoldFeatures -> https://help.autodesk.com/view/fusion360?guid=GUID-62976D60-D79E-4335-8FDA-9BAFAC8C3068
UnitAndValuePreferences -> https://help.autodesk.com/view/fusion360?guid=GUID-8a6c8d28-03b0-4ad4-9f59-2845e1020ac7
UnitsManager -> https://help.autodesk.com/view/fusion360?guid=GUID-9c2d17c1-70c6-4c2d-ae9e-c6f6f283b1a9
UnstitchFeature -> https://help.autodesk.com/view/fusion360?guid=GUID-35cc2969-36ee-420c-9351-0ba37fd272b0
UnstitchFeatures -> https://help.autodesk.com/view/fusion360?guid=GUID-ba64028c-a425-4dbf-9bb3-c74b9b9d858a
UntrimFeature -> https://help.autodesk.com/view/fusion360?guid=GUID-DF8289EC-E5DC-4E86-BF77-B35C2279BD2A
UntrimFeatureInput -> https://help.autodesk.com/view/fusion360?guid=GUID-CBAC6D62-B158-4EAD-AC52-84FBABC655A4
UntrimFeatures -> https://help.autodesk.com/view/fusion360?guid=GUID-25F8306A-750A-4FE1-8324-ECCC2B3F4AC6
URL -> https://help.autodesk.com/view/fusion360?guid=GUID-50D3CFDE-BA36-435F-BBEE-58A10ABBB3DF
USDExportOptions -> https://help.autodesk.com/view/fusion360?guid=GUID-EA5A79E4-BA13-4859-9571-53C077E648BB
User -> https://help.autodesk.com/view/fusion360?guid=GUID-8D397D19-7553-4ECC-ACF3-8ACBB41151BA
UserInterface -> https://help.autodesk.com/view/fusion360?guid=GUID-52303e26-c1c2-4a1c-8c1a-a3c199e6db63
UserInterfaceGeneralEvent -> https://help.autodesk.com/view/fusion360?guid=GUID-8307C183-CC81-4535-BE44-2FE0B7D238DC
UserInterfaceGeneralEventArgs -> https://help.autodesk.com/view/fusion360?guid=GUID-57A16400-2D8E-47E6-84C4-B26AA2C69D03
UserInterfaceGeneralEventHandler -> https://help.autodesk.com/view/fusion360?guid=GUID-831C367D-6553-4A7D-976B-C60E678FBAE4
UserParameter -> https://help.autodesk.com/view/fusion360?guid=GUID-3b28328a-25ef-4add-8e31-38626060ca87
UserParameters -> https://help.autodesk.com/view/fusion360?guid=GUID-b20ca304-13b8-442b-83cf-4acc51ff710f
ValidateInputsEvent -> https://help.autodesk.com/view/fusion360?guid=GUID-16e1e45f-ec20-4c09-b10d-5b8f568b0a74
ValidateInputsEventArgs -> https://help.autodesk.com/view/fusion360?guid=GUID-686e619b-7a6f-44d6-916e-465f50469026
ValidateInputsEventHandler -> https://help.autodesk.com/view/fusion360?guid=GUID-524b1e19-840f-4376-a523-60b621f50dbe
ValueCommandInput -> https://help.autodesk.com/view/fusion360?guid=GUID-671f0782-efe0-4e33-a744-afa3d5619a01
ValueInput -> https://help.autodesk.com/view/fusion360?guid=GUID-bdeb52e0-a6af-4909-93e8-3b13acd0e39c
VariableRadiusFilletEdgeSet -> https://help.autodesk.com/view/fusion360?guid=GUID-24dc63d0-b7fc-461e-860b-3a6db9f423c8
VariableRadiusFilletEdgeSetInput -> https://help.autodesk.com/view/fusion360?guid=GUID-4FC54EDD-2D5B-4419-8619-CDD4E050C126
Vector2D -> https://help.autodesk.com/view/fusion360?guid=GUID-f84bbea9-6fe5-46ad-8ed5-0f17f99f90af
Vector3D -> https://help.autodesk.com/view/fusion360?guid=GUID-9cd7639c-97a9-4011-83f0-64694efe76e0
Vector3DGraphNodeProperty 🧪 -> https://help.autodesk.com/view/fusion360?guid=GUID-E11ADBB9-3AFB-4382-AAF6-625F97744B1B
VerticalConstraint -> https://help.autodesk.com/view/fusion360?guid=GUID-189151ee-08bd-436e-92da-eadb22721c29
VerticalPointsConstraint -> https://help.autodesk.com/view/fusion360?guid=GUID-1e577ed8-ec01-4fb1-bf01-00ffd8ce8755
Viewport -> https://help.autodesk.com/view/fusion360?guid=GUID-717295a3-3d16-4c03-80ba-1df008c867e0
VolumetricColorSample 🧪 -> https://help.autodesk.com/view/fusion360?guid=GUID-0BDC2AD9-CC89-4DCB-9132-E1625D8F5FFA
VolumetricCustomFeature 🧪 -> https://help.autodesk.com/view/fusion360?guid=GUID-3B4D9D45-85B4-468E-8A3A-9A8C69E51151
VolumetricCustomFeatureInput 🧪 -> https://help.autodesk.com/view/fusion360?guid=GUID-740E8D10-8BB5-402F-ADBD-4AB70E54A33A
VolumetricCustomFeatures 🧪 -> https://help.autodesk.com/view/fusion360?guid=GUID-E0FC1B15-33CE-4AAA-A7DF-DC09F7957840
VolumetricModel 🧪 -> https://help.autodesk.com/view/fusion360?guid=GUID-59A1A6F5-AB53-44A6-B93C-B4974821A0C3
VolumetricModelToMeshFeature 🧪 -> https://help.autodesk.com/view/fusion360?guid=GUID-72879D9D-0E40-4DEA-B65D-AB9B264DAF31
VolumetricModelToMeshFeatureInput 🧪 -> https://help.autodesk.com/view/fusion360?guid=GUID-1E101007-376E-42CC-A7EA-603291FC9E30
VolumetricModelToMeshFeatures 🧪 -> https://help.autodesk.com/view/fusion360?guid=GUID-84F910AA-CCAE-49FB-A6BE-FA6BB2E430F1
VolumetricSample 🧪 -> https://help.autodesk.com/view/fusion360?guid=GUID-000FAE46-B3A6-4EFF-BB0A-C0558031EBEF
VolumetricSampler 🧪 -> https://help.autodesk.com/view/fusion360?guid=GUID-7DA9BCAC-C535-469D-8702-608A2FA0D08B
VolumetricScalarSample 🧪 -> https://help.autodesk.com/view/fusion360?guid=GUID-C2AB43E2-595A-4303-AE33-5D593BA2DDD2
VolumetricVectorSample 🧪 -> https://help.autodesk.com/view/fusion360?guid=GUID-FF592B93-7AB5-482C-8BCF-1CEF109DCE97
WebFeature -> https://help.autodesk.com/view/fusion360?guid=GUID-F1A55BA3-90FD-40AD-8BE1-1028B4462292
WebFeatures -> https://help.autodesk.com/view/fusion360?guid=GUID-8151CB38-1D94-42B8-9AA9-0B17E410AB52
WebRequestEvent -> https://help.autodesk.com/view/fusion360?guid=GUID-D4BA47BC-0B6C-47D6-90EA-756362FD9022
WebRequestEventArgs -> https://help.autodesk.com/view/fusion360?guid=GUID-1B50372E-2F5A-4372-A531-EF1879FD5187
WebRequestEventHandler -> https://help.autodesk.com/view/fusion360?guid=GUID-93FDEF0E-7DFB-48D6-A9BE-3AA51E5A32CF
WorkingModel -> https://help.autodesk.com/view/fusion360?guid=GUID-7D749DE5-1F6A-4864-AFF2-BB7F0E498668
Workspace -> https://help.autodesk.com/view/fusion360?guid=GUID-33f9ed37-e5c7-4153-ba85-c3254a199dd1
WorkspaceEvent -> https://help.autodesk.com/view/fusion360?guid=GUID-8ff845c6-e1b3-4d67-b3db-81ebe15ae2d3
WorkspaceEventArgs -> https://help.autodesk.com/view/fusion360?guid=GUID-e45d9f4b-a2dd-4554-ae64-7f26ae22f98e
WorkspaceEventHandler -> https://help.autodesk.com/view/fusion360?guid=GUID-a4c17c5f-2017-46f5-af6c-eec660afed57
WorkspaceList -> https://help.autodesk.com/view/fusion360?guid=GUID-1d443055-2e30-435b-be32-347ccef859fc
Workspaces -> https://help.autodesk.com/view/fusion360?guid=GUID-75ac7274-735c-4a61-af57-1d837c4df217
ZebraAnalyses -> https://help.autodesk.com/view/fusion360?guid=GUID-1299432B-CA55-4A53-B6B3-4FFD4273C306
ZebraAnalysis -> https://help.autodesk.com/view/fusion360?guid=GUID-B554E945-9CA2-4678-8B8D-4D48262390A4
Sample Programs -> https://help.autodesk.com/view/fusion360?guid=GUID-DE98632B-3DC0-422B-A1C6-8A5A15C99E11
Fusion API Reference Manual -> https://help.autodesk.com/view/fusion360?guid=GUID-7B5A90C8-E94C-48DA-B16B-430729B734DC
Design -> https://help.autodesk.com/view/fusion360?guid=GUID-5e0f5e8e-0ec0-4ee7-b827-0ec8da882bee
Email -> https://help.autodesk.com/view/fusion360mailto:?subject=Fusion%20Help%20%7C%20Design%20Object%20%7C%20Autodesk&body=Fusion%20Help%20%7C%20Design%20Object%20%7C%20Autodesk%0D%0Ahttps%3A%2F%2Fhelp.autodesk.com%2Fview%2Ffusion360%2FENU%2F%3Fguid%3DGUID-5e0f5e8e-0ec0-4ee7-b827-0ec8da882bee
Product -> https://help.autodesk.com/view/fusion360/cloudhelp/ENU/Fusion-360-API/files/Product.htm
activateRootComponent -> https://help.autodesk.com/view/fusion360/cloudhelp/ENU/Fusion-360-API/files/Design_activateRootComponent.htm
analyzeInterference -> https://help.autodesk.com/view/fusion360/cloudhelp/ENU/Fusion-360-API/files/Design_analyzeInterference.htm
areaProperties -> https://help.autodesk.com/view/fusion360/cloudhelp/ENU/Fusion-360-API/files/Design_areaProperties.htm
classType -> https://help.autodesk.com/view/fusion360/cloudhelp/ENU/Fusion-360-API/files/Design_classType.htm
computeAll -> https://help.autodesk.com/view/fusion360/cloudhelp/ENU/Fusion-360-API/files/Design_computeAll.htm
createConfiguredDesign -> https://help.autodesk.com/view/fusion360/cloudhelp/ENU/Fusion-360-API/files/Design_createConfiguredDesign.htm
createInterferenceInput -> https://help.autodesk.com/view/fusion360/cloudhelp/ENU/Fusion-360-API/files/Design_createInterferenceInput.htm
deleteEntities -> https://help.autodesk.com/view/fusion360/cloudhelp/ENU/Fusion-360-API/files/Design_deleteEntities.htm
findAttributes -> https://help.autodesk.com/view/fusion360/cloudhelp/ENU/Fusion-360-API/files/Design_findAttributes.htm
findEntityByToken -> https://help.autodesk.com/view/fusion360/cloudhelp/ENU/Fusion-360-API/files/Design_findEntityByToken.htm
modifyParameters -> https://help.autodesk.com/view/fusion360/cloudhelp/ENU/Fusion-360-API/files/Design_modifyParameters.htm
physicalProperties -> https://help.autodesk.com/view/fusion360/cloudhelp/ENU/Fusion-360-API/files/Design_physicalProperties.htm
activeComponent -> https://help.autodesk.com/view/fusion360/cloudhelp/ENU/Fusion-360-API/files/Design_activeComponent.htm
activeEditObject -> https://help.autodesk.com/view/fusion360/cloudhelp/ENU/Fusion-360-API/files/Design_activeEditObject.htm
activeOccurrence -> https://help.autodesk.com/view/fusion360/cloudhelp/ENU/Fusion-360-API/files/Design_activeOccurrence.htm
allComponents -> https://help.autodesk.com/view/fusion360/cloudhelp/ENU/Fusion-360-API/files/Design_allComponents.htm
allParameters -> https://help.autodesk.com/view/fusion360/cloudhelp/ENU/Fusion-360-API/files/Design_allParameters.htm
analyses -> https://help.autodesk.com/view/fusion360/cloudhelp/ENU/Fusion-360-API/files/Design_analyses.htm
appearances -> https://help.autodesk.com/view/fusion360/cloudhelp/ENU/Fusion-360-API/files/Design_appearances.htm
attributes -> https://help.autodesk.com/view/fusion360/cloudhelp/ENU/Fusion-360-API/files/Design_attributes.htm
configurationRowId -> https://help.autodesk.com/view/fusion360/cloudhelp/ENU/Fusion-360-API/files/Design_configurationRowId.htm
configurationTopTable -> https://help.autodesk.com/view/fusion360/cloudhelp/ENU/Fusion-360-API/files/Design_configurationTopTable.htm
contactSets -> https://help.autodesk.com/view/fusion360/cloudhelp/ENU/Fusion-360-API/files/Design_contactSets.htm
designPlasticRules -> https://help.autodesk.com/view/fusion360/cloudhelp/ENU/Fusion-360-API/files/Design_designPlasticRules.htm
designSheetMetalRules -> https://help.autodesk.com/view/fusion360/cloudhelp/ENU/Fusion-360-API/files/Design_designSheetMetalRules.htm
designType -> https://help.autodesk.com/view/fusion360/cloudhelp/ENU/Fusion-360-API/files/Design_designType.htm
exportManager -> https://help.autodesk.com/view/fusion360/cloudhelp/ENU/Fusion-360-API/files/Design_exportManager.htm
fusionUnitsManager -> https://help.autodesk.com/view/fusion360/cloudhelp/ENU/Fusion-360-API/files/Design_fusionUnitsManager.htm
isConfiguration -> https://help.autodesk.com/view/fusion360/cloudhelp/ENU/Fusion-360-API/files/Design_isConfiguration.htm
isConfiguredDesign -> https://help.autodesk.com/view/fusion360/cloudhelp/ENU/Fusion-360-API/files/Design_isConfiguredDesign.htm
isContactAnalysisEnabled -> https://help.autodesk.com/view/fusion360/cloudhelp/ENU/Fusion-360-API/files/Design_isContactAnalysisEnabled.htm
isContactSetAnalysis -> https://help.autodesk.com/view/fusion360/cloudhelp/ENU/Fusion-360-API/files/Design_isContactSetAnalysis.htm
isRootComponentActive -> https://help.autodesk.com/view/fusion360/cloudhelp/ENU/Fusion-360-API/files/Design_isRootComponentActive.htm
isValid -> https://help.autodesk.com/view/fusion360/cloudhelp/ENU/Fusion-360-API/files/Design_isValid.htm
libraryPlasticRules -> https://help.autodesk.com/view/fusion360/cloudhelp/ENU/Fusion-360-API/files/Design_libraryPlasticRules.htm
librarySheetMetalRules -> https://help.autodesk.com/view/fusion360/cloudhelp/ENU/Fusion-360-API/files/Design_librarySheetMetalRules.htm
materials -> https://help.autodesk.com/view/fusion360/cloudhelp/ENU/Fusion-360-API/files/Design_materials.htm
namedViews -> https://help.autodesk.com/view/fusion360/cloudhelp/ENU/Fusion-360-API/files/Design_namedViews.htm
objectType -> https://help.autodesk.com/view/fusion360/cloudhelp/ENU/Fusion-360-API/files/Design_objectType.htm
parentDocument -> https://help.autodesk.com/view/fusion360/cloudhelp/ENU/Fusion-360-API/files/Design_parentDocument.htm
productType -> https://help.autodesk.com/view/fusion360/cloudhelp/ENU/Fusion-360-API/files/Design_productType.htm
renderManager -> https://help.autodesk.com/view/fusion360/cloudhelp/ENU/Fusion-360-API/files/Design_renderManager.htm
rootComponent -> https://help.autodesk.com/view/fusion360/cloudhelp/ENU/Fusion-360-API/files/Design_rootComponent.htm
rootDataComponent -> https://help.autodesk.com/view/fusion360/cloudhelp/ENU/Fusion-360-API/files/Design_rootDataComponent.htm
selectionSets -> https://help.autodesk.com/view/fusion360/cloudhelp/ENU/Fusion-360-API/files/Design_selectionSets.htm
snapshots -> https://help.autodesk.com/view/fusion360/cloudhelp/ENU/Fusion-360-API/files/Design_snapshots.htm
timeline -> https://help.autodesk.com/view/fusion360/cloudhelp/ENU/Fusion-360-API/files/Design_timeline.htm
unitsManager -> https://help.autodesk.com/view/fusion360/cloudhelp/ENU/Fusion-360-API/files/Design_unitsManager.htm
userParameters -> https://help.autodesk.com/view/fusion360/cloudhelp/ENU/Fusion-360-API/files/Design_userParameters.htm
workspaces -> https://help.autodesk.com/view/fusion360/cloudhelp/ENU/Fusion-360-API/files/Design_workspaces.htm
BaseComponent.parentDesign -> https://help.autodesk.com/view/fusion360/cloudhelp/ENU/Fusion-360-API/files/BaseComponent_parentDesign.htm
Component.parentDesign -> https://help.autodesk.com/view/fusion360/cloudhelp/ENU/Fusion-360-API/files/Component_parentDesign.htm
FlatPatternComponent.parentDesign -> https://help.autodesk.com/view/fusion360/cloudhelp/ENU/Fusion-360-API/files/FlatPatternComponent_parentDesign.htm
FusionDocument.design -> https://help.autodesk.com/view/fusion360/cloudhelp/ENU/Fusion-360-API/files/FusionDocument_design.htm
FusionUnitsManager.design -> https://help.autodesk.com/view/fusion360/cloudhelp/ENU/Fusion-360-API/files/FusionUnitsManager_design.htm
PlasticRule.parentDesign -> https://help.autodesk.com/view/fusion360/cloudhelp/ENU/Fusion-360-API/files/PlasticRule_parentDesign.htm
SheetMetalRule.parentDesign -> https://help.autodesk.com/view/fusion360/cloudhelp/ENU/Fusion-360-API/files/SheetMetalRule_parentDesign.htm
UserParameter.design -> https://help.autodesk.com/view/fusion360/cloudhelp/ENU/Fusion-360-API/files/UserParameter_design.htm
UserParameters.design -> https://help.autodesk.com/view/fusion360/cloudhelp/ENU/Fusion-360-API/files/UserParameters_design.htm
FlatPatternProduct -> https://help.autodesk.com/view/fusion360/cloudhelp/ENU/Fusion-360-API/files/FlatPatternProduct.htm
WorkingModel -> https://help.autodesk.com/view/fusion360/cloudhelp/ENU/Fusion-360-API/files/WorkingModel.htm
Analyze Interference API Sample -> https://help.autodesk.com/view/fusion360/cloudhelp/ENU/Fusion-360-API/files/AnalyzeInterferenceSample_Sample.htm
Loft Feature API Sample -> https://help.autodesk.com/view/fusion360/cloudhelp/ENU/Fusion-360-API/files/LoftFeatureSample_Sample.htm
Simple Extrusion Sample -> https://help.autodesk.com/view/fusion360/cloudhelp/ENU/Fusion-360-API/files/SimpleExtrusionSample_Sample.htm
Comment on this page. -> https://help.autodesk.com/view/fusion360mailto:mfg.api.help.comments@autodesk.com?subject=Fusion%20July 2025%20API%20Help%20(Design%20Object%20Help%20Topic)
 -> https://help.autodesk.com/view/fusion360https://creativecommons.org/licenses/by-nc-sa/3.0/
Creative Commons Attribution-NonCommercial-ShareAlike 3.0 Unported License -> https://help.autodesk.com/view/fusion360https://creativecommons.org/licenses/by-nc-sa/3.0/
Autodesk Creative Commons FAQ -> https://help.autodesk.com/view/fusion360https://autodesk.com/creativecommons
Privacy Statement -> https://help.autodesk.com/view/fusion360https://www.autodesk.com/company/legal-notices-trademarks/privacy-statement
Legal Notices & Trademarks -> https://help.autodesk.com/view/fusion360https://www.autodesk.com/company/legal-notices-trademarks
Report Noncompliance -> https://help.autodesk.com/view/fusion360https://www.autodesk.com/company/license-compliance/report-noncompliance